Facility,Street Address,Contact Number,Days and Hours of Operation
Albany Public Library: Arbor Hill/West Hill Branch,"148 Henry Johnson Boulevard, Albany, NY 12210",(518) 427-4300 EXT. 2,Mon & Wed: 12:00 PM - 8:00 PM; Tues & Thurs: 10:00 AM - 6:00 PM; Fri: 12:00 PM - 6:00 PM; Sun: 1:00 PM - 5:00 PM
Albany Public Library: Bach Branch,"455 New Scotland Avenue, Albany, NY 12208",(518) 427-4300 EXT. 2,Mon & Wed: 10:00 AM - 6:00 PM; Tues & Thurs: 12:00 PM - 8:00 PM; Fri: 12:00 PM - 6:00 PM; Sun: 1:00 PM - 5:00 PM
Albany Public Library: Delaware Branch,"331 Delaware Avenue, Albany, NY 12209",(518) 427-4300 EXT. 4,Mon & Wed: 10:00 AM - 6:00 PM; Tues & Thurs: 12:00 PM - 8:00 PM; Fri: 12:00 PM - 6:00 PM; Sun: 1:00 PM - 5:00 PM
Albany Public Library: Howe Branch,"105 Schuyler Street, Albany, NY 12202",(518) 427-4300 EXT. 5,Mon & Wed: 12:00 PM - 8:00 PM; Tues & Thurs: 10:00 AM - 6:00 PM; Fri: 12:00 PM - 6:00 PM; Sat: 10:00 AM - 5:00 PM
Albany Public Library: North Albany Branch,"616 North Pearl Street, Albany, NY 12204",(518) 427-4300 EXT. 6,"Mon & Fri: 10:00 AM - 6:00 PM; Tues & Thurs: 12:00 PM - 6:00 PM, Wed: 12:00 PM - 8:00 PM"
Albany Public Library: Pine Hills Branch,"517 Western Avenue, Albany, NY 12203",(518) 427-4300 EXT. 7,Mon & Wed: 12:00 PM - 8:00 PM; Tues & Thurs: 10:00 AM - 6:00 PM; Fri: 12:00 PM - 6:00 PM; Sat: 10:00 AM - 5:00 PM
Albany Public Library: Washington Avenue Branch,"161 Washington Avenue, Albany, NY 12210",(518) 427-4300 EXT. 1,"Mon, Wed, Fri: 10:00 AM - 6:00 PM; Tues & Thurs: 12:00 PM - 8:00 PM; Sat: 10:00 AM - 5:00 PM"
Arbor Hill Community Center Pool,"50 Lark St, Albany, NY 12210",518-434-5699,Mon-Sun: 1:00 PM - 6:00 PM
Beltrone Living Center,"6 A Winners Cir, Colonie, NY 12205",518-459-2711,Mon-Fri: 8:30 AM-5:00 PM
Bethlehem Town Hall,"261 Elm Avenue, Delmar, NY 12054",518-439-4955,Call for operating hours
Black Lives Matter Park Spray Pad,"484 Livingston Ave, Albany, NY 12206",518-434-5699,Mon-Sun: 10:00 AM-6:00 PM
Capital City Rescue Mission,"259 S Pearl St, Albany, NY 12202",518-462-0459 x 221,Open 24/7 during heat waves
Colonie St. Park (Wilkie Playground) Spray Pad,"200 Colonie Street, Albany, NY 12210",518-434-5699,Mon-Sun: 10:00 AM-6:00 PM
Hackett Park Spray Pad,"35 N 1st Street, Albany, NY 12204",518-434-5699,Mon-Sun: 10:00 AM-6:00 PM
Hockey Facility,"830 Albany-Shaker Rd., Loudonville, NY 12211",518-452-7396,Hours of operation vary. Please see schedule listed on the website linked here: https://www.albanycounty.com/departments/recreation/hockey-facility
Krank Park Spray Pad,"65 First Avenue, Albany, NY 12202",518-434-5699,Mon-Sun: 10:00 AM-6:00 PM
Mater Christi Pool,"1134 New Scotland Rd, Albany, NY 12208",518-434-5699,Mon-Sun: 1:00 PM - 6:00 PM
Memorial Town Hall,"534 Loudon Rd, Newtonville, NY 12110",518-783-2700,Mon & Wed: 12:00 PM -8:00 PM; Tues & Thurs: 10:00 AM - 1:00 PM
North Swan St. Park Spray Pad,"52 2nd St, Albany, NY 12210",518-434-5699,Mon-Sun: 10:00 AM-6:00 PM
Public Operations Center,"347 Old Niskayuna Rd, Latham, NY 12110",518-783-2700,Call for operating hours
Ridgefield Park Spray Pad,"316 Partridge St, Albany, NY 12208",518-434-5699,Mon-Sun: 10:00 AM-6:00 PM
Rosemont Park Spray Pad,"90 Rosemont St, Albany, NY 12203",518-434-5699,Mon-Sun: 10:00 AM-6:00 PM
Sheridan Park Spray Pad,"Sheridan Park Rd St, Albany, NY 12210",518-434-5699,Mon-Sun: 10:00 AM-6:00 PM
Swinburne Park Spray Pad,"810 Clinton Ave, Albany, NY 12206",518-434-5699,Mon-Sun: 10:00 AM-6:00 PM
Village of Menands Firehouse,"250 Broadway, Albany, NY 12204",518-463-9494,Call for operating hours
William K. Sanford Town Library,"629 Albany Shaker Rd, Albany, NY 12211",518-458-9274,Call for operating hours
Allegany County Office for the Aging,"6085 State Route 19, Belmont, NY 14813",585-268-9390,Mon - Fri: 8:30 AM - 4:00 PM
Almond 20th Century Club Library,"42 N Main Street, Almond, NY 14804",607-276-6311,Tues - Fri: 2:00 PM - 7:00 PM; Sat: 11:00 AM - 3:00 PM
Andover Free Library,"40 Main Street, Andover, NY 14806",607-478-8442,Tues: 11:00 AM - 7:00 PM; Wed: 10:00 AM - 2:00 PM; Thurs: 11:00 AM - 7:00 PM
Belfast Public Library,"75 Main Street, Belfast, NY 14711",585-365-2072,Mon: 10:00 AM - 1:00 PM; Tues: 3:00 PM - 7:00 PM; Wed: 10:00 AM - 1:00 PM & 3:00 PM - 7:00 PM; Thurs: 3:00 PM - 7:00 PM; Sat: 10:00 AM - 1:00 PM
Belmont Literacy and Historical Library,"2 Willetts Avenue, Belmont, NY 14813",585-268-5308,Mon: 1:00 PM - 5:00 PM; Tues: 1:00 PM - 7:00 PM; Thurs: 9:00 AM - 3:00 PM; Fri: 1:00 PM - 5:00PM
Cuba Circulating Library,"39 E Main Street, Cuba, NY 14727",585-968-1668,Mon-Thurs: 9:30 AM - 8:00 PM; Sat: 9:30 AM - 3:30 PM
David A Howe Public Library (Fan cooled environment),"155 North Main Street, Wellsville, NY 14895",585-593-3410,Mon-Thurs: 10:00 AM - 8:00 PM; Fri: 10:00 AM - 5:00 PM; Sat: 10:00 AM - 2:00 PM
Genesee Library,"8351 State Rte 417, Genesee, NY 14754",585-928-1915,Mon: 12:00 PM - 5:00 PM; Tues: 12:00 PM - 5:00 PM; Wed: 12:00 - 7:00 PM; Thurs: 12:00 PM - 5:00 PM
Richburg Colonial Library,"160 Main Street, Richburg, NY 14774",585-928-2694,Mon: 9:00 AM - 5:00 PM; Tues: 3:00 PM - 7:00 PM; Wed: 9:00 AM - 5:00 PM; Thurs: 3:00 PM - 7:00 PM
Scio Memorial Library,"3980 Main Street, Scio, NY 14880",585-593-4816,Tues: 1:00 PM - 7:00 PM; Wed: 1:00 PM - 7:00 PM; Thurs: 1:00 PM - 5:00 PM; Fri: 10:00 AM - 2:00 PM
Whitesville Public Library (Fan cooled environment),"500 Main Street, Whitesville, NY 14897",607-356-3645,Mon: 9:00 AM - 5:00 PM;Tues: 2:00 PM - 6:00 PM; Wed: 9:00 AM - 5:00 PM; Thurs: 9:00 AM - 6:00 PM; Fri: 9:00 AM - 4:00 PM; Sat: 9:00 AM - 12:00 PM
Wide Awake Club Library,"22 N Genesee Street, Fillmore, NY 14735",585-567-8301,Mon: 10:00 AM - 5:00 PM; Tues: 10:00 AM - 7:00 PM; Wed: 10:00 AM - 5:00 PM; Thurs: 10:00 AM - 7:00 PM; Fri: 10:00 AM - 5:00 PM; Sat: 10:00 AM - 1:00 PM
Broome County Health Department,"225 Front St, Binghamton, NY 13905",607-778-3930,Mon-Fri: 8:00 AM - 4:00 PM
Broome County Public Library,"185 Court St, Binghamton, NY 13901",607-778-6400,Mon-Thurs: 9:00 AM - 8:00 PM; Fri & Sat: 9:00 AM - 5:00 PM
Broome West Senior Center,"2801 Wayne St, Endicott, NY 13760",607-785-1777,Mon-Fri: 9:00 AM - 3:00 PM
Chenango Bridge Senior Center,"740 River Road St., Binghamton, NY 13901",607-663-0406,Wed & Fri: 10:00 AM - 2:00 PM
Columbus Park Spray Pad,"38 Carroll St, Binghamton, NY 13901",607-772-7017,Mon-Sun: 11:30 AM-7 PM
Deposit Senior Center,"14 Monument St, Deposit, NY 13754",607-467-3953,Tues & Thurs: 10:00 AM - 2:00 PM
Eastern Broome Senior Center,"27 Golden Ln, Harpursville, NY 13787",607-693-2069,Mon-Fri: 9:00 AM - 2:30 PM
Fairview Pool,"54 Fairview Avenue, Binghamton, NY 13904",607-772-7017,"Mon-Sun: 11:30 AM-7 PM, closed 4:00 PM - 4:30 PM"
Fenton Free Library,"1062 Chenango St, Binghamton, NY 13901",607-724-8649,Mon-Fri: 10:00 AM - 6:00 PM
First Ward Senior Recreation Center,"226 Clinton St., Binghamton, NY 13905",607-797-2307,Mon-Fri: 8:30 AM - 3:30 PM
Floral Ave Pool,"243 Floral Ave, Johnson City, NY 13790",607-797-3031,Mon - Sun: 9:00 AM - 6:00 PM
George F Johnson Memorial Library,"1001 Park St, Endicott, NY 13760",607-757-5350,Mon-Thurs: 9:00 AM - 8:00 PM; Fri & Sat: 9:00 AM - 5:00 PM
Greenwood Park,"153 Greenwood Road, Lisle, NY 13797",607-862-9933,Mon - Sun: 8:00 AM - 8:00 PM
Highland Park Pool,"801 Hooper Road, Endwell, NY 13760",607-786-2970,Until 5/25: Sat & Sun: 1:00 PM - 7:00 PM; 7/1 - 9/2: Mon-Sun: 1:00 PM - 7:00 PM
Johnson City Senior Center,"30 Brocton St, Johnson City, NY 13790",607-797-3145,Mon-Thurs: 9:00 AM - 4:00 PM; Fri: 9:00 AM - 2:00 PM
MacArthur Pool,"1081 Vestal Ave, Binghamton, NY 13903",607-772-7017,"Mon-Sun: 11:30 AM-7 PM, Closed 4:00 PM - 4:30 PM"
Mary L. Wilcox Library,"2630 Main St, Whitney Point, NY 13862",607-692-3159,Mon & Fri: 11:00 AM - 5:00 PM; Tues: 11:00 AM - 8:00 PM; Wed & Thurs: 11:00 AM - 6:00 PM; Sat: 10:00 AM - 2:00 PM
Nathaniel Cole Park,"1674 Colesville Road, Harpursville, NY 13787",607-693-1389,Mon - Sun: 8:00 AM - 8:00 PM
North Shore Towers Senior Center,"24 Isbell St, Binghamton, NY 13901",607-772-6214,Mon-Fri: 10:00 AM - 2:00 PM
North Side Pool/Cheri Lindsey Park Pool,"1 Pleasant St, Binghamton, NY 13901",607-772-7017,"Mon-Sun: 11:30 AM - 7:00 PM, 6:00 PM - 7:00 PM adult swim only"
Northern Broome Senior Center,"12 Strongs Pl, Whitney Point, NY 13862",607-692-3405,Mon-Fri: 9:00 AM - 3:00 PM
Oakdale Commons,"601 Harry L Dr, Johnson City, NY 13790",607-798-9380,Mon-Thurs: 10:00 AM - 8:00 PM; Fri-Sat: 10:00AM - 9:00 PM; Sun: 11:00 PM - 6:00 PM
Recreation Park Pool,"103 Laurel Ave, Binghamton, NY 13905",607-772-7017,"Mon-Sun: 11:30 AM - 7:00 PM, 6:00 PM - 7:00 PM adult swim only"
South Side Pool,"95 Jackson St, Binghamton, NY 13903",607-772-7017,"Mon-Sun: 11:30 AM - 7:00 PM, 6:00 PM - 7:00 PM adult swim only"
Spray Park at CFJ Park,"98 CFJ Blvd, Johnson City, NY 13790",607-797-3031,"Mon-Sun: 11:30 AM - 7:00 PM, 6:00 PM - 7:00 PM adult swim only"
Vestal Public Library,"320 Vestal Parkway East, Vestal, NY 13850",607-754-4243,Mon-Thurs: 9:00 AM - 8:00 PM; Fri: 9:00 AM - 5:00 PM; Sat: 10:00 AM - 4:00 PM
Vestal Senior Center,"201 Main St, Vestal, NY 13850",607-754-9596,Mon-Fri: 9:00 AM - 2:00 PM
West Endicott Park Pool,"525 Maple St, Endicott, NY 13760",607-786-2970,Until 5/25: Sat & Sun: 12:30 PM - 4:30 PM & 5:00 PM - 7:00 PM; 7/7 - 9/2: Mon - Sun: 12:30 PM - 4:30 PM & 5:00 PM - 7:00 PM
Your Home Public Library,"107 Main St, Johnson City, NY 13790",607-797-4816,Mon-Thurs: 9:00 AM - 7:00 PM; Fri: 9:00 AM - 5:00 PM; Sat: 10:00 AM - 2:00 PM
Allegany Public Library,"90 W Main St, Allegany, NY 14706",716-373-1056,Mon – Fri: 10:00 AM – 6:00 PM
Blount Library,"5 N Main St, Franklinville, NY 14737",716-676-5715,Mon – Wed: 9:00 AM – 4:00 PM; Thurs: 9:00 AM – 6:00 PM; Fri: 9:00 AM – 4:00 PM; Sat: 9:00 AM – 12:00 PM
Cattaraugus Free Library,"21 N Main St, Cattaraugus, NY 14719",716-257-9500,"Mon, Wed, Fri: 11:00 AM – 4:00 PM; Tues, Thurs: 11:00 AM – 6:00 PM; Sat: 10:00 AM – 1:00 PM"
Delevan-Yorkshire Public Library,"28 School St, Delevan, NY 14042",716-492-1961,"Mon, Wed, Thurs: 1:00 PM – 8:00 PM; Tues: 9:00 AM – 8:00 PM; Fri: 1:00 PM – 6:00 PM; Sat: 9:00 AM – 1:00 PM"
Ellicottville Memorial Library,"6499 Maples Rd, Ellicotville, NY 14731",716-699-2842,"Mon, Thurs, Fri, Sat: 10:00 AM – 5:00 PM; Tues – Wed: 10:00 AM – 8:00 PM"
Gowanda Free Library,"56 W Main St, Gowanda, NY 14070",716-532-3451,"Mon, Tues, Thurs, Fri: 10:00 AM – 4:00 PM; Wed: 10:00 AM – 7:00 PM"
King Memorial Library,"9538 Rt. 16, Machias, NY 14101",716-353-9915,"Mon, Wed: 12:00 AM – 6:00 PM; Tues: 10:00 AM – 3:00 PM; Thurs: 10:00 AM – 6:00 PM; Fri: 9:00 AM – 2:00 PM"
Memorial Library of Little Valley,"110 Rock City St, Little Valley, NY 14755",716-938-6305,"Mon, Tues, Thurs: 9:00 AM – 7:00 PM; Fri: 9:00 AM – 5:00 PM; Sat: 10:00 AM – 1:00 PM"
Olean Public Library,"134 N. 2nd St, Olean, NY 14760",716-372-0200,Mon – Thurs: 9:00 AM – 9:00 PM; Fri: 9:00 AM – 6:00 PM; Sat: 10:00 AM – 5:00 PM;
Portville Free Library,"2 N. Main St, Portville, NY 14770",716-933-8441,Mon. Thurs: 1:00 PM – 8:00 PM; Tues: 10:00 AM – 5:00 PM; Fri: 9:00 AM – 5:00 PM; Sat: 10:00 AM – 1:00 PM
Randolph Library,"26 Jamestown St, Randolph, NY 14772",716-358-3712,"Mon, Tues, Thurs: 12:00 AM – 8:00 PM; Wed: 4:00 PM – 8:00 PM; Fri: 10:00 PM – 5:00 PM; Sat: 10:00 AM – 3:00 PM"
Salamanca Public Library,"155 Wildwood Ave, Salamanca, NY 14779",716-945-1890,"Tues, Wed, Thurs: 9:00 AM – 7:00 PM; Fri: 9:00 AM – 4:00 PM; Sat: 9:00 AM – 2:30 PM"
Fingerlakes Mall,"1579 Clark Street Rd, Auburn, NY 13022",315-255-1164,Mon - Sat: 10:00 AM - 7:00 PM; Sun: 11:00 AM - 5:00 PM
Ahira Hall Memorial Library,"37 W Main St, Brocton, NY 14716",716-792-9418,Mon & Wed: 1:00 PM - 8:00 PM; Tues & Thu: 10:00 AM - 5:00 PM; Fri: 1:00 PM - 5:00 PM; Sat: 10:00 AM - 1:00 PM
Alexander Free Library,"2883 N Rd, Sherman, NY 14781",716-769-6568,"Mon: 9:00 AM - 2:00 PM; Tues, Thurs: 1:00 PM - 7:00 PM, Sat: 9:00 AM - 2:00 PM"
Ashville Free Library,"2200 N Maple Ave, Ashville, NY 14710",716-763-9906,Mon -Fri: 9:30 AM - 5:00 PM
"Chautauqua Opportunities, Inc","10825 Bennett Rd, Dunkirk, NY 14048",716-366-8176,Mon -Fri: 8:30 AM - 4:30 PM
"Chautauqua Opportunities, Inc","402 Chandler St, Jamestown, NY 14701",716-661-9430,Mon -Fri: 8:30 AM - 4:30 PM
Department of Mental Hygiene and Social Services,"110 East 4th St, Jamestown, NY 14701",716-661-8200,Mon -Fri: 8:30 AM - 4:30 PM
Department of Mental Hygiene and Social Services,"319 Central Ave, Dunkirk, NY 14048",716-679-9881,Mon -Fri: 8:30 AM - 4:30 PM
Department of Mental Hygiene and Social Services,"7 N. Erie St, Mayville, NY 14757",716-753-4421,Mon -Fri: 8:30 AM - 4:30 PM
Ellington-Farman Free Library,"760 Thornton Rd, Ellington, NY 14732",716-287-2945,Mon - Thurs: 11:00 AM - 7:00 PM; Sat: 10:00 AM - 1:00 PM
Hazeltine Public Library,"891 Busti-Sugar Grove Rd, Jamestown, NY 14701",716-487-1281,"Mon, Wed, Fri: 1:00 PM - 5:00 PM & 6:30 PM - 8:30 PM; Tues & Thurs: 9:00 AM - 5:00 PM; Sat: 9:00 AM - 1:00 PM"
James Prendergast Library Assoc.,"509 Cherry St, Jamestown, NY 14701",716-484-7135,Mon - Thurs: 10:00 AM - 8:30 PM; Fri: 10:00 AM - 5:00 PM; Sat: 10:00 AM - 4:00 PM
Joy Fellowship Free Methodist Church,"515 E 7th Street, Jamestown, NY 14701",716-484-1542,"Mon, Wed, Fri: 10:00 AM - 2:00 PM"
Lakewood Memorial Library,"12 W Summit Street, Lakewood, NY 14750",716-763-6234,Mon: 10:00 AM - 6:00 PM; Tues: 10:00 AM - 8:00 PM; Wed: 10:00 AM - 6:00 PM; Thurs: 10:00 AM - 8:00 PM; Fri: 10:00 AM - 6:00 PM; Sat: 10:00 AM - 2:00 PM
Myers Memorial Library,"6 Falconer Street, Frewsburg, NY 14738",716-569-5515,"Mon - Fri: 10:00 AM - 1:00 PM, 3:00 PM - 6:00 PM; Sat: 10:00 AM - 1:00 PM"
Sinclairville Free Library,"15 Main St, Sinclairville, NY 14782",716-962-5885,"Mon, Thurs: 2:00 PM - 7:00 PM; Wed: 9:00 AM - 5:00 PM; Fri: 10:00 AM - 4:00 PM; Sat: 10:00 AM - 1:00 PM"
American Red Cross - North Country,"Call for Cooling Center locations,, NY",518-561-7280,Call for operating hours
Beekmantown Town Park and Pavilion,"571 Spellman Road, West Chazy, NY 12992","518-563-4650, ext. 1",Mon - Fri: 09:00 AM - 04:00 PM
Champlain Centre Mall,"60 Smithfield Blvd, Plattsburgh, NY 12901",518-561-8660,Call for operating hours
Champlain Memorial Library,"148 Elm Street, Champlain, NY 12919",518-298-8620,"Tues, Wed, Thurs: 11:30 AM - 05:30 PM; Sat: 10:00 AM - 01:00 PM"
Chazy Public Library,"1329 Fiske Road, Chazy, NY 12921",518-846-7676,"Tues, Thurs: 10:00 AM - 06:00 PM; Wed: 12:00 PM - 05:00 PM; Sat: 09:00 AM - 01:00 PM"
Cumberland Bay State Park,"152 Cumberland Head Rd, Plattsburgh, NY 12901",518-563-5240,Mon - Sun: Dawn to Dusk; 11:00 AM - 07:00 PM (Swimming Area)
Dannemora Free Library,"40 Emmons Street, Dannemora, NY 12929",518-492-7005,"Wed: 10:30 AM - 04:00 PM; Tues, Thurs: 02:30 PM - 08:30 PM; Fri: 04:00 PM - 08:30 PM; Sat: 10:00 AM - 01:00 PM"
Macomb State Park,"201 Campsite Rd, Schuyler Falls, NY 12985",518-643-9952,Mon - Sun: Dawn to Dusk; 11:00 AM - 07:00 PM (Swimming Area)
Peru Free Library,"3024 Main Street, Peru, NY 12972",518-643-8618,Tues - Fri: 10:00 AM - 06:00 PM; Sat: 10:00 AM - 01:00 PM
Plattsburgh City Beach,"4 Beach Road, Plattsburgh, NY 12901",518-563-7642,Starting 05/26: Mon - Sun: 10:00 AM - 06:00 PM
Plattsburgh Public Library,"19 Oak Street, Plattsburgh, NY 12901",518-563-0921,"Mon, Fri, Sat: 09:00 AM - 05:00 PM; Tues, Wed, Thurs: 09:00 AM - 07:30 PM"
Point Au Roche State Park,"338 Point Au Roche Road, Plattsburgh, NY 12901",518-563-0369,Mon - Sun: Dawn to Dusk; 11:00 AM - 07:00 PM (Swimming Area)
Rouses Point Dodge Memorial Library,"144 Lake Street, Rouses Point, NY 12979",518-297-6242,"Mon, Wed, Thurs, Fri: 10:00 AM - 05:00 PM; Tues: 10:00 AM - 06:00 PM; Sat: 10:00 AM - 01:00 PM"
Saranac Town Hall,"3662 State Route 3, Saranac, NY 12981","518-293-6666, ext. 2",Mon - Sun: 07:30 AM - 02:30 PM
West Chazy Dodge Library,"9 Fiske Road, West Chazy, NY 12921",518-493-6131,"Tues, Thurs: 09:00 AM - 06:00 PM; Sat: 09:00 AM - 12:00 PM"
Claverack Free Library,"629 Route 23B, Claverack, NY 12513",518-851-7120,Mon: 12:00 PM – 7:00 PM; Tues: 10:00 AM – 3:00 PM; Wed: 12:00 PM -7:00 PM; Thurs: 10:00 AM – 3:00 PM; Fri: 12:00 PM -5:00 PM; Sat: 10:00 AM -2:00 PM; Sun: Closed
Germantown Library,"31 Palatine Park Road, Germantown, NY 12526",518-537-5800,Tues: 9:00 AM – 7:00 PM; Wed: 9:00 AM – 4:00 PM; Thurs: 12:00 PM – 7:00 PM; Fri: 9:00 AM – 4:00 PM; Sat: 10:00 AM – 2:00 PM; Sun - Mon: Closed
Hudson Area Library,"51 N. 5th Street, Hudson, NY 12534",518-828-1792,Mon - Tues: 10:00 AM – 5:00 PM; Wed: 10:00 AM – 8:00 PM; Thurs: 10:00 AM – 5:00 PM; Friday: 10:00 AM - 5:00 PM; Sat: 10:00 AM – 3:00 PM; Sun: Closed
Kinderhook Memorial Library,"18 Hudson Street, Kinderhook, NY 12106",518-758-6192,Mon: Closed; Tues - Thurs: 10:00 AM – 8:00 PM; Fri: 10:00 AM – 5:00 PM: Sat: 10:00 AM – 4:00 PM; Sun: 12:00 PM – 4:00 PM
New Lebanon Library,"550 State Route 20, New Lebanon, NY 12125",518-794-8844,Mon - Wed: 10:00 AM – 6:00 PM; Thurs: 10:00 AM – 7:00 PM; Fri: 10:00 AM-6:00 PM; Sat: 10:00 AM -1:00 PM; Sun: Closed
North Chatham Free Library,"4827 Route 203, North Chatham, NY 12132",(518) 766-3211,Mon: 12:00 PM - 7:00 PM; Tues: 10:00 AM - 3:00 PM; Wed: 12:00 PM - 7:00 PM; Thurs: 10:00 AM - 3:00 PM; Fri: 12:00 PM - 7:00 PM; Sat: 10:00 AM - 3:00 PM
Philmont Public Library,"101 Main Street, Philmont, NY 12565",518-672-5010,Mon: 1:00 PM - 7:00 PM; Tues: 1:00 PM - 5:00 PM; Wed: 1:00 PM - 7:00 PM; Thurs: 10:00 AM - 2:00 PM; Fri: 1:00 PM - 5:00 PM; Sat: 10:00 AM - 2:00 PM
Roeliff Jansen Community Library,"9091 State Route 22, Hillsdale, NY 12529",518-325-4101,Mon - Wed: 10:00 AM – 5:00 PM; Thurs: 10:00 AM – 8:00 PM; Fri: 10:00 AM – 5:00 PM; Sat: 10:00 AM – 4:00 PM; Sun: Closed
Access to Independence,"26 North Main Street, Cortland, NY 13045",607-753-7363,Mon-Fri: 8:00 AM - 4:00 PM; Call before you go
"Cortland Chenango Rural Services, Inc","2704 Lower Cincinnatus Rd., Cincinnatus, NY 13040",607-863-3828,Mon - Fri: 10:00 AM - 2:00 PM; Sat: 9:00 AM - 12:00 PM
Kellogg Free Library,"5681 Telephone Rd. Ext., Cincinnatus, NY 13040",607-863-4300,Tues & Thurs: 1:00 PM - 7:00 PM; Wed: 1:00 PM - 5:00 PM; Fri: 9:30 AM - 11:30 AM & 1:00 PM - 5:00 PM; Sat: 9:00 AM - 1:00 PM; Call before you go
Lamont Memorial Free Library,"5 Main St., McGraw, NY 13101",607-836-6767,Mon: 2:00 PM - 6:00 PM; Tues & Thurs: 2:00 PM - 7:00 PM; Fri: 10:00 AM - 12:00 PM & 2:00 PM - 5:00 PM; Sat: 10:00 AM-1:00 PM; Call before you go
Peck Memorial Library,"24 E. Main St., Marathon, NY 13803",607-849-6135,Mon & Fri: 1:00 PM - 5:00 PM; Tues: 9:00 AM - 12:00 PM & 1:00 PM - 7:00 PM; Wed & Thurs: 1:00 PM - 7:00 PM; Call before you go
Philips Free Library,"37 S. Main St., Homer, NY 13077",607-749-4616,Mon: 12:00 PM - 6:00 PM; Tues & Thurs: 12:00 PM - 7:00 PM; Wed: 9:00 AM - 6:00 PM; Fri: 12:00 PM - 5:00 PM; Sat: 10:00 AM - 1:00 PM; Call before you go
Andes Public Library,"242 Main St, Andes, NY 13731",845-676-3333,Mon: 11:00 AM – 4:00 PM; Tues: 1:00 PM – 6:00 PM; Wed: 11:00 AM – 4:00 PM; Thurs: 4:00 PM – 7:00 PM; Fri: 1:00 PM — 5:00 PM; Sat: 10:00 AM — 12:00 PM
Bovina Public Library,"33 Maple Ave, Bovina Center, NY 13740",607-832-4884,Tues: 10:00 AM - 5:00 PM; Wed: 1:00 PM - 7:00 PM; Thurs: 1:00 PM - 5:00 PM; Sat: 10:00 AM - 1:00 PM
Cannon Free Libray,"40 Elm Street, Delhi, NY 13753",607-746-2662,Tues: 9:30 AM – 7:00 PM; Wed: 9:30 AM – 5:00 PM; Thurs: 9:30 AM – 7:00 PM; Fri: 9:30 AM – 5:00 PM; Sat: 10:00 AM - 1:00 PM
Fairview Public Library,"43 Walnut St, Margaretville, NY 12455",845-586-3791,"Tues: 11:00 AM - 6:00 PM; Wed: 11:00 AM - 7:00 PM; Thurs, Fri: 11:00 AM - 5:00 PM; Sat: 10:00 AM - 3:00 PM"
Morton Memorial Public Library,"22 Elm St, Pine Hill, NY 12465",845-254-4222,"Tues, Fri: 11:00 AM - 5:00 PM; Wed, Sat: 10:00 AM - 2:00 PM; Thurs: 2:00 PM - 6:00 PM"
Roxbury Library,"53742 NY-30, Roxbury, NY 12474",607-326-7901,"Mon, Wed, Thurs: 8:30 AM - 3:30 PM; Sat: 10:00 AM - 2:00 PM"
Sidney Memorial Public Library,"8 River Street, Sidney, NY 13838",607-563-1200,Tue-Thurs: 9:00 AM – 8:00 PM; Fri: 9:00 AM – 6:00 PM; Sat: 9:30 AM – 4:00 PM; Sun: 1:00 PM – 4:00 PM
Stamford Library,"117 Main St, Stamford, NY 12167",607-652-5001,Mon: 12:00 PM - 6:00 PM; Tues & Thurs: 12:00 PM - 6:00 PM; Wed: 10:00 AM - 5:00 PM; Fri: 10:00 AM - 5:00 PM; Sat: 11:00 AM - 2:00 PM
William B. Ogden Library,"42 Gardiner Place, Walton, NY 13856",607-865-5929,Tues: 9:00 AM - 5:00 PM; Wed: 1:00 PM - 8:00 PM; Thurs: 1:00 PM - 8:00 PM; Fri: 9:00 AM - 5:00 PM; Sat: 9:00 AM - 2:00 PM
Adriance Memorial Library,"93 Market St, Poughkeepsie, NY 12601",845-485-3445,Call for operating hours
Amenia Free Library,"3309 Route 343, Amenia, NY 12501",845-373-8273,Call for operating hours
Beekman Library,"11 Town Center Blvd, Hopewell Junction, NY 12533",845-724-3414,Call for operating hours
Blodgett Memorial Library,"37 Broad St, Fishkill, NY 12524",845-896-9215,Call for operating hours
Boardman Branch Library,"141 Boardman Rd, Poughkeepsie, NY 12603",845-485-3445,Call for operating hours
Clinton Community Library,"1215 Centre Rd., Rhinebeck, NY 12572",845-266-5530,Call for operating hours
Dover Plains Library,"1797 Route 22, Wingdale, NY 12594",845-832-6605,Call for operating hours
East Fishkill Community Library,"348 Route 376, Hopewell Junction, NY 12533",845-221-9943,Call for operating hours
Grinnell Library,"2642 East Main Street, Wappingers Falls, NY 12590",845-297-3428,Call for operating hours
LaGrange Association Library,"1110 Route 55, Lagrangeville, NY 12540",845-452-3141,Call for operating hours
Morton Memorial Library,"82 Kelly St, Rhinecliff, NY 12574",845-876-2903,Call for operating hours
Northeast-Millerton Library,"75 Main St, Millerton, NY 12546",518-789-3340,Call for operating hours
Pawling Library,"11 Broad St, Pawling, NY 12564",845-855-3444,Call for operating hours
Pine Plains Free Library,"7775 South Main St, Pine Plains, NY 12567",518-398-1927,Call for operating hours
Pleasant Valley Library,"1584 Main St, Pleasant Valley, NY 12569",845-635-8460,Call for operating hours
Red Hook Public Library,"7444 S Broadway, Red Hook, NY 12571",845-758-3241,Call for operating hours
Staatsburg Library,"70 Old Post Rd., Staatsburg, NY 12580",845-889-4683,Call for operating hours
Stanford Free Library,"6035 Route 82, Stanfordville, NY 12581",845-868-1341,Call for operating hours
Starr Library Rhinebeck,"68 West Market St., Rhinebeck, NY 12572",845-876-4030,Call for operating hours
Tivoli Free Library,"86 Broadway, Tivoli, NY 12583",845-876-4030,Call for operating hours
Au Sable Forks Free Library,"9 Church Lane, Au Sable Forks, NY 12912",518-647-5596,Mon: 10:00 AM – 2:00 PM; Tues: 9:00 AM – 4:00 PM; Wed: 9:00 AM – 1:00 PM; Thurs: 3:00 PM – 5:30 PM; Fri: 1:00 PM – 4:30 PM; Sat: 9:30 PM – 1:30 PM
Black Watch Memorial Library,"99 Montcalm St, Ticonderoga, NY 12883",518-585-7380,Tues: 10:00 AM - 7:00 PM; Wed - Fri: 10:00 AM – 5:00 PM; Sat: 10:00 AM - 3:00 PM
E.M. Cooper Memorial Library,"5751 Rte 86, Wilmington, NY 12997",518-946-7701,Wed: 12:00 PM - 5:00 PM; Thurs - Sat: 9:00 AM - 2:00 PM
Essex Beldon Noble Memorial Library,"2759 Essex Rd, Essex, NY 12936",518-963-8079,Mon & Tues: 2:00 PM - 4:00 PM; Wed: 10:00 AM - 5:00 PM; Thursday: 12:00 PM - 5:00 PM; Friday: 12:00 PM - 5:00 PM; Saturday: 10:00 AM - 5:00 PM
Hammond Library,"2732 Main St, Crown Point, NY 12928",518-597-3616,Wed: 10:15 AM – 6:00 PM; Thurs: 12:15 PM – 8:00 PM; Fri: 10:15 AM – 4:00 PM; Sat: 10:15 AM – 1:00 PM
Keene Valley Library Association,"1796 NYS-73, Keene Valley, NY 12943",518-576-4335,Mon - Sat: 10:00 AM - 5:00 PM
Lake Placid Public Library,"2471 Main St, Lake Placid, NY 12946",518-523-3200,Mon - Fri: 9:30 AM – 6:00 PM; Sat: 10:00 AM – 4:00 PM
Saranac Lake Free Library,"109 Main St, Saranac Lake, NY 12983",518-891-4190,Tues - Sat: 10:30 AM - 5:30 PM
Schroon Lake Public Library,"15 LeLand Av, Schroon Lake, NY 12870",518-532-7737 x 13,"Tues, Wed & Fri: 10:00 AM - 4:00 PM; Thurs: 10:00 AM - 6:00 PM; Sat: 10:00 AM - 2:00 PM"
Upper Jay Wells Memorial Library,"12230 NY 9N, Upper Jay, NY 12987",518-946-2644,Tues -Thurs: 12:00 PM – 5:00 PM; Sat: 11:00 PM – 4:00 PM
Wadhams Free Library,"763 NY Rte 22, Wadhams, NY 12993",518-962-8717,Tues & Wed: 12:00 PM - 7:00 PM; Sat: 9:00 AM - 3:00 PM
Westport Library Association,"6 Harris Ln, Westport, NY 12993",518-962-8219,"Tues, Thurs & Fri: 10:00 AM - 6:00 PM; Sat: 10:00 AM - 2:00 PM"
Wilsboro Paine Memorial Library,"2 Gilliland Ln, Willsboro, NY 12996",518-963-4478,"Mon, Tues, Thurs & Fri: 10:00 AM - 5:00 PM; Wed: 10:00 AM - 7:00 PM; Sat: 10:00 AM - 2:00 PM"
Gloversville Public Library,"58 East Fulton Street, Gloversville, NY 12078",518-725-2819,6/1 - 9/2: Mon: 9:00 AM – 7:00 PM; Tues – Thurs: 9:00 AM – 5:00 PM; Fri: 9:00 AM - 5:00 PM
Johnstown Public Library,"38 S Market St, Johnstown, NY 12095",518-762-8317,Tues - Thurs: 9:00 AM – 6:00 PM; Fri: 9:00 AM – 4:00 PM; Sat: 10:00 AM – 1:00 PM
Senior Citizen Service Center of Gloversville and Fulton County,"53 Church St, Gloversville, NY 12078",518-725-0923,Mon - Fri: 9:00 AM – 1:00 PM
Shirley J. Luck Senior Citizen Center,"109 E Main St, Johnstown, NY 12095",518-762-4643,Mon -Thurs: 8:00 AM - 3:00 PM; Fri: 8:00 AM - 12:00 PM
Byron-Bergen Public Library,"13 South Lake Ave, Bergen, NY 14416",585-494-1120,Tues-Thurs: 10:00 AM-1:00 PM & 2:00 PM -7:00 PM; Fri: 10:00 AM -6:00 PM; Sat: Closed during the summer; Sun & Mon: Closed
Corfu Public Library,"7 Maple Ave, Corfu, NY 14036",585-599-3321,Mon: 9:00 AM-4:00 PM; Tues: 1:00 PM -8:00 PM; Wed: 9:00 AM -4:00 PM; Thurs-Fri: 1:00 PM -8:00 PM; Sat & Sun: Closed
Haxton Memorial Library,"3 North Pearl St, Oakfield, NY 14125",585-948-9900,Mon: 9:00 AM-5:00 PM; Tues: 12:00 PM-8:00 PM; Wed: 9:00 AM-5:00 PM; Thurs: 12:00 PM-8:00 PM; Fri: 9:00 AM-12:00 PM; Sat: CLOSED; Sun: CLOSED
Hollwedel Memorial Library,"5 Woodrow Dr, Pavilion, NY 14525",585-584-8843,Mon: 1:00 PM-8:00 PM; Tues: 10:00 AM-1:00 PM; Wed: 1:00 PM-8:00 PM; Thurs: 10:00 AM-1:00 PM; Fri: 11:00 AM-6:00 PM; Sat: 9:00 AM-12:00 PM; Sun: Closed
Richmond Memorial Library,"19 Ross St, Batavia, NY 14020",585-343-9550,Mon-Thurs: 9:00 AM-9:00 PM; Fri-Sat: 9:00 AM – 5:00 PM; Sun: CLOSED
Salvation Army of Batavia,"529 E Main St, Batavia, NY 14020",(585) 343-6284,Mon - Fri: 10:00 AM - 3:30 PM; Sat & Sun: Closed
Woodward Memorial Library,"7 Wolcott St, LeRoy, NY 14482",585-768-8300,Mon-Thurs: 10:00 AM -8:00 PM; Fri: 10:00 AM -5:00 PM; Sat: 10:00 AM-2:00 PM; Sun: Closed
Cairo Public Library,"15 Railroad Ave, Cairo, NY 12413",518-622-9864,Mon- Wed: 10:00 AM-5:00 PM; Thurs: 1:00 PM-7:00 PM; Fri-Sat: 10:00 AM-3:00 PM; Sun: closed
Catskill Public Library,"1 Franklin St, Catskill, NY 12414",518-943-4230,"Mon: 9:00 AM-5:00 PM, Tues-Thurs: 11:00 Am-6:30 PM, Fri: 9:00 AM-5:00 PM, Sat: 10:00 AM-2:00 PM, Sun: closed"
D.R. Evarts Public Library,"80 2nd Street, Athens, NY 12015",518-945-1417,Mon: 10:00 AM-6:00PM; Tues: 12:00 PM-7:00 PM; Wed-Fri: 10:00 AM-6:00 PM; Sat: 10:00 AM-2:00 PM; Sun: closed
Greenville Public Library,"11177 Rte 32, Greenville, NY 12083",518-966-8205,Mon: 9:00 AM -5:00 PM; Tues: 9:00 Am-6:00PM; Wed: 9:00AM-5:00 PM; Thurs: 9:00 AM-6:00 PM; Fri: 12:00 PM-5:00 PM; Sat: 9:00 AM-12:00 PM
Heermance Memorial Library,"1 Ely Street, Coxsackie, NY 12051",518-731-8084,Mon-Tues: 10:00 Am-4:00 PM; Wed: 10:00 AM-6:00 PM; Thurs: 10:00 Am-4:00 PM; Fri: 10:00 AM- 4:00 PM; Sat: 10:00 AM-2:00 PM; Sun: closed
Hunter Public Library,"7965 Main Street, Hunter, NY 12442",518-263-4655,Mon-Fri: 11:00 AM -5:00 PM; Sat: 11:00AM-4:00 PM; Sun: closed
Mountain Top Library,"6093 Main Street, Tannerville, NY 12485",518-589-5707,Mon-Fri: 10:00 AM - 5:00 PM; Sat: 10:00-2:00 PM; Sun: closed
Palenville Public Library,"3303 Rte 23A, Palenville, NY 12463",518-678-3357,Mon: 9:00 AM-12:00 PM; Tues: 11:00AM -5:00 PM; Wed: closed; Thurs: 11:00 AM-7:00 PM; Fri: 11:00 AM -5:00 PM; Sat: 10:00 AM-1:00PM; Sun: closed
Windham Public Library,"5379 State Route 23, Windham, NY 12496",518-734-4405,Mon: 10:00 AM-5:00 PM; Tues: 10:00 AM-6:00 PM; Wed: 10:00 AM-5:00 PM; Thurs: 10:00 AM-6:00 PM; Fri: 10:00 AM-5:00 PM; Sat: 10:00 AM-1:00 PM; Sun: closed
Salmon Run Mall,"21182 Salmon Run Mall Loop W, Watertown, NY 13601",315-788-9210,Mon-Sat: 10:00 AM-8:00 PM; Sun: 11:00 AM-6:00 PM
Northern Regional Independent Living Center,"5520 Jackson St., Lowville, NY 13367",315-836-3735,Mon-Fri: 8:30 AM - 4:30 PM
Avon Free Library,"143 Genesee Street, Avon, NY 14414",585-335-6720,Mon: 10:00 AM - 8:00 PM; Tues: 10:00 AM - 6:00 PM; Wed: Closed; Thurs: 10:00 AM - 8:00 PM; Fri: 10:00 AM - 5:00 PM
Avon Village Hall,"74 Genesee St, Avon, NY 14414",585-226-8118,Call for operating hours
Dansville Public Library,"200 Main Street, Dansville, NY 14437",585-226-8461,Mon - Thurs: 10:00 AM - 8:00 PM; Fri: 10:00 AM - 5:00 PM
Emergency Management Training Center,"3360 Gypsy Ln, Mount Morris, NY 14510",585-243-7160,Call for operating hours
Government Center,"6 Court St, Geneseo, NY 14454",585-243-7000,Call for operating hours
J W Jones Hall,"366 Leicester Rd, Caledonia, NY 14423",585-538-4626,Call for operating hours
Lakeville Training Grounds,"5939 Stone Hill Rd, Lakeville, NY 14480",585-346-5733,Call for operating hours
Bridgeport Public Library,"8979 North Rd, Bridgeport, NY 13030",315-633-2253,Mon - Thurs: 10:00 AM - 7:00 PM; Fri: 10:00 AM - 6:00 PM; Sat: 10:00 AM - 2:00 PM
Canastota Municipal Pool,"100 Spencer St, Canastota, NY 13032",315-697-7559,Mon - Fri: 1:00 PM - 7:00 PM; Sat - Sun: 1:00 PM - 6:00 PM
Canastota Public Library,"102 W. Center St, Canastota, NY 13032",315-697-7030,Mon - Thurs: 9:00 AM - 8:00 PM; Fri: 9:00 AM - 5:00 PM; Sat: 9:00 AM - 12:00 PM
Cazenovia Public Library,"100 Albany St, Cazenovia, NY 13035",315-655-9322,Mon - Thurs: 10:00 AM - 8:00 PM; Fri: 10:00 AM - 6:00 PM; Sat: 10:00 AM - 4:00 PM
Chapman Public Pool in Oneida,"360 N Main St, Oneida, NY 13421",315-363-3590,Mon-Fri: 12:00 PM - 5:00 PM; Sat: 12:00 PM - 4:00 PM
Chittenango Public Library,"101 Falls Blvd, Chittenango, NY 13037",315-687-6331,Mon - Thurs: 10:00 AM - 7:00 PM; Fri: 10:00 AM - 6:00 PM; Sat: 10:00 AM - 2:00 PM
DeRuyter Free Library,"735 Utica St, DeRuyter, NY 13052",315-852-6262,Mon - Tues: 9:00 AM - 5:00 PM; Thurs: 9:00 AM - 7:00 PM
Earlville Public Library,"4 N Main St, Earlville, NY 13332",315-691-5931,Mon - Wed: 1:00 PM - 7:00 PM; Thurs - Fri: 10:00 AM - 5:00 PM; Sat 10:00 AM - 12:30 PM
Hamilton Public Library,"13 Broad St, Hamilton, NY 13346",315-824-3060,Mon - Thurs: 10:00 AM - 7:00 PM; Fri: 10:00 AM - 5:00 PM; Sat: 10:00 AM - 2:00 PM
Madison County Office for the Aging,"139 Dominic Bruno Blvd, Canastota, NY 13032",315-697-5700,Mon-Fri: 8:00 AM - 4:00 PM
New Woodstock Public Library,"2106 Main St, New Woodstock, NY 13122",315-662-3134,"Mon & Wed: 9:00 AM - 8:00 PM; Tues, Thurs, Fri: 9:00 AM - 5:00 PM; Sat: 9:00 AM - 12:00 PM"
Oneida Public Library,"459 Main St, Oneida, NY 13421",315-363-3050,Mon-Thurs: 10:00 AM - 8:00 PM; Fri: 10:00 AM - 5:00 PM; Sat: 10:00 AM - 4:00 PM
Adams St. Recreation Center Pool,"85 Adams St, Rochester, NY 14608",585-428-7266,Opens 7/1: 12:00 PM - 7:00 PM
Avenue D Recreation Center Pool,"200 Avenue D, Rochester, NY 14621",,Opens 7/1: 11:00 AM - 7:00 PM
Campbell Street Recreation Center Spray Park,"524 Campbell St, Rochester, NY 14611",,Mon - Sat: 1200 PM - 8:00 PM
Carter Street Recreation Center Spray Park,"500 Carter St, Rochester, NY 14621",585-428-7890,Mon - Sat: 1200 PM - 8:00 PM
David F. Gantt Recreation Center Spray Park,"700 North St, Rochester, NY 14605",585-428-7149,Mon - Sat: 1200 PM - 8:00 PM
Dr. Martin Luther King Jr. Memorial Park,"353 Court St, Rochester, NY 14607",585-428-7541,Mon - Sat: 1200 PM - 8:00 PM
Durand Eastman Beach,"Lake Shore Blvd & Zoo Rd, Rochester, NY 14617",585-753-7275,Mon - Sat: 11:00 AM - 7:00 PM
Fourth and Peck Playground,"145 Fourth St, Rochester, NY 14609",585-428-5990,Mon - Sat: 1200 PM - 8:00 PM
Genesee Valley Sports Complex Pool,"131 Elmwood Ave, Rochester, NY 14611",585-428-7888,Mon - Sat: 1200 PM - 8:00 PM
Humboldt Recreation Center Spray Park,"1045 Atlantic Ave, Rochester, NY 14610",,Call for operating hours.
Lightfoot Recreation Center Pool,"271 Flint St, Rochester, NY 14608",,Call for operating hours.
Trenton and Pamela Jackson Recreation Center Pool,"485 N. Clinton Ave, Rochester, NY 14605",585-428-7476,Opens 7/1: Call for operating hours
Troup Street Park,"210 Troup St, Rochester, NY 14608",585-428-7511,Mon - Sat: 1200 PM - 8:00 PM
Barker Public Library,"8673 Church Street, Barker, NY 14012",716-795-3344,Mon - Fri: 10:00 AM - 5:00 PM; Sat: 10:00 AM - 12:00PM
Lewiston Public Library,"305 S 8th Street, Lewiston, NY 14092",716-754-4720,Mon - Tues: 10:00 AM - 8:00 PM; Wed - Thurs: 10:00 AM - 5:00 PM; Fri: 12:00 PM - 5:00 PM; Sat: 10:00 AM - 3:00 PM
Lockport Public Library,"23 East Avenue, Lockport, NY 14094",716-433-5935,Mon - Thurs: 9:00 AM - 8:00 PM; Fri: 9:00 AM - 5:00 PM; Sat: 10:00 AM - 5:00 PM
Newfane Public Library,"2761 Maple Avenue, Newfane, NY 14108",716-778-9344,Mon - Fri: 10:00 AM - 6:00 PM; Sat: 10:00 AM - 2:00PM
Niagara Falls - Lasalle Branch Library,"8728 Buffalo Avenue, Niagara Falls, NY 14304",716-283-8309,Mon - Tues: 10:00 AM - 8:00 PM; Wed - Fri: 10:00 AM - 5:00 PM
Niagara Falls Public Library,"1425 Main Street, Niagara Falls, NY 14305",716-286-4894,Mon - Wed: 9:00 AM - 9:00 PM; Thurs - Sat: 9:00 AM - 5:00 PM
North Tonawanda Public Library,"505 Meadow Drive, North Tonawanda, NY 14120",716-693-4132,Mon - Thurs: 9:00 AM - 7:00 PM; Fri - Sat: 9:00 AM - 5:00 PM
Ransomville Free Library,"3733 Raonsomville Road, Ransomville, NY 14131",716-791-4073,Mon: 2:00 PM - 7:00 PM; Tues: 10:00 AM - 7:00 PM; Wed: 2:00 PM - 7:00 PM; Thurs: 10:00 AM - 7:00 PM; Sat: 2:00 PM - 5:00 PM
Royalton Hartland Community Library,"9 Vernon Street, Middleport, NY 14105",716-735-3281,Mon - Thurs: 11:00 AM - 8:00 PM; Sat: 11:00 AM - 4:00 PM
Sanborn-Pekin Free Library,"5884 West Street, Sanborn, NY 14132",716-731-9933,Regular Hours: Mon: 2:00 PM - 8:00 PM; Tues: 2:00 PM - 6:00 PM; Wed: 2:00 PM - 8:00 PM; Thurs: 2:00 PM - 8:00 PM; Fri: 2:00 PM - 6:00 PM; Sat: 10:00 AM - 1:00 PM Summer Hours: Mon: 2:00 PM - 8:00 PM; Tues: 2:00 PM - 6:00 PM; Wed: 2:00 PM - 8:00 PM; Thurs: 2:00 PM - 8:00 PM; Fri: 2:00 PM - 6:00 PM
Wilson Community Library,"265 Young Street, Wilson, NY 14172",716-751-6070,Mon - Tues: 10:00 AM - 8:00 PM; Wed: 2:00 PM - 8:00 PM; Thurs: 10:00 AM - 8:00 PM; Fri: 10:00 AM - 5:00 PM; Sat: 10:00 AM - 1:00 PM
Youngstown Free Library,"240 Lockport Street, Youngstown, NY 14174",716-745-3555,Mon: 2:00 PM - 8:30 PM; Tues: 9:30 AM - 8:30 PM; Wed: 2:00 PM - 8:30 PM; Thurs: 2:00 PM - 6:00 PM; Fri: 10:00 AM - 2:00 PM; Sat: 10:00 AM - 2:00 PM
Dunham Public Library,"76 Main St., Whitesboro, NY 13492",315-736-9734,Mon-Wed: 9:30 AM - 8:00 PM; Thurs-Sat: 9:30 AM - 5:30 PM; Sun: Closed
Jervis Public Library,"613 N. Washington St., Rome, NY 13440",315-336-4570,Call for operating hours
Kirkland Town Library,"55 1/2 College Street, Clinton, NY 13323",315-853-2038,Mon-Thurs: 9:00 AM - 8:30 PM; Fri: 9:00 AM - 6:00 PM; Sat: 9:00 AM - 1:00 PM
North Utica Senior Citizens,"50 Riverside Dr, Utica, NY 13502",315-724-2430,Call for operating hours
Parkway Senior Center,"220 Memorial Pkwy, Utica, NY 13501",315-223-3073,Call for operating hours
Sangertown Mall,"8555 Seneca Turnpike, New Hartford, NY 13413",315-797-8520,Call for operating hours
Sherrill-Kenwood Free Library,"543 Sherrill Road, Sherrill, NY 13461",315-363-5980,Mon-Thurs: 10:00 AM - 7:00 PM; Fri: 10:00 AM - 4:00 PM; Sat: 10:00 AM - 1:00 PM; Sun: Closed
South Rome Senior Center,"112 Ridge St, Rome, NY 13440",315-339-6457,Call for operating hours
Utica Public Library,"303 Genesee St, Utica NY, NY 13501",315-735-2279,Call for operating hours
Baldwinsville Public Library,"33 E Genesee St, Baldwinsville, NY 13027",315-635-5631,Call for operating hours
Beauchamp Branch Library,"2111 S Salina St, Colvin, NY 13205",315-435-3395,Call for operating hours
Betts Branch Library,"4862 S Salina St, Syracuse, NY 13205",315-435-1940,Call for operating hours
Camillus Senior Center,"25-1/2 First St, Camillus, NY 13031",315-672-5820,Mon-Fri: 9:00 AM-3:30 PM
Central Library-The Galleries of Syracuse,"447 S Salina St, Syracuse, NY 13202",315-435-1900,Call for operating hours
Cicero Senior Center,"5924 Lathrop Dr, Cicero, NY 13039",315-452-3298,Mon-Fri: 10:00 AM - 4:00 PM
DestiNY USA,"9090 Destiny USA Drive, Syracuse 13204, NY Syracuse 13204",315-466-6000,Mon-Thu: 10:00 AM-8:00 PM; Fri-Sat: 10:00 AM-9:00 PM; Sun: 11:00 AM-6:00 PM
Dewitt Community Library,"5110 Jamesville Road, Jamesville, NY 13078",315-446-3578,Call for operating hours
Dewitt Town Hall,"5400 Butternut Dr, De Witt, NY 13057",315-446-3910,Mon-Fri: 8:00 AM-4:30 PM
Dunbar Center,"1453 S State St, Syracuse, NY 13205",315-760-3155,Call for operating hours
East Syracuse Free Library,"4990 James St, East Syracuse, NY 13057",315-437-4841,Call for operating hours
Elbridge Free Library,"241 E Main St, Elbridge, NY 13060",315-689-7111,Call for operating hours
Fairmount Community Library,"406 Chapel Dr, Syracuse, NY 13219",315-487-8933,Call for operating hours
Fayetteville Free Library,"300 Orchard St, Fayetteville, NY 13066",315-637-6374,Call for operating hours
Fayetteville Senior Center,"584 E Genesee St, Fayetteville, NY 13066",315-637-9025,Mon-Thu: 10:00 AM-3:00 PM; Fri: 11:00 AM-4:00 PM
Hazard Branch Library,"1620 W Genesee St, Syracuse, NY 13204",315-435-5326,Call for operating hours
Jewish Community Center,"5655 Thompson Rd, Syracuse, NY 13214",315-445-2360,Call for operating hours
Jordan Bramley Library,"15 Mechanic St, Jordan, NY 13080",315-689-3296,Call for operating hours
Jordan Elbridge Community Center,"1 Route 31, Jordan, NY 13080",315-689-9031,Call for operating hours
Lafayette Public Library,"2577 Route 11, La Fayette, NY 13084",315-677-3782,Call for operating hours
Liverpool Public Library,"310 Tulip St, Liverpool, NY 13088",315-457-0310,Call for operating hours
Magnarelli Community Center,"2300 Grant Blvd, Syracuse, NY 13208",315-473-2673,Mon-Fri: 3:00 PM-7:00 PM; Sun 12:00 PM-8:00 PM
Manlius Library,"1 Arkie Albanese Way, Manlius, NY 13104",315-682-6400,Call for operating hours
Manlius Senior Center,"1 Arkie Albanese Way, Manlius, NY 13104",315-682-7889,Mon-Fri: 9:00 AM-3:00 PM
Marcellus Free Library,"32 Maple St, Marcellus, NY 13108",315-673-3221,Call for operating hours
Maxwell Memorial Library,"14 Genesee St, Camillus, NY 13031",315-672-3661,Call for operating hours
Minoa Library,"242 N Main St, Minoa, NY 13116",315-656-7401,Call for operating hours
Mundy Branch Library,"1204 S Geddes St, Syracuse, NY 13204",315-435-3797,Call for operating hours
NOPL at Brewerton,"5437 Library St, Brewerton, NY 13029",315-676-7484,Call for operating hours
NOPL at Cicero,"8686 Knowledge Ln, Clay, NY 13039",315-699-2032,Call for operating hours
NOPL at North Syracuse,"100 Trolley Barn Ln, Syracuse, NY 13212",315-458-6184,Call for operating hours
Northeast Community Center,"716 Hawley Ave, Syracuse, NY 13203",315-472-6343,Mon-Fri: 9:00 AM-5:00 PM
Onondaga Free Library,"4840 W Seneca Tpke, Syracuse, NY 13215",315-492-1727,Call for operating hours
Onondaga Senior Center,"4834 Velasko Rd, Syracuse, NY 13215",315-469-3464,Call for operating hours
Paine Branch Library,"113 Nichols Ave, Syracuse, NY 13206",315-435-5442,Call for operating hours
Petit Branch Library,"105 Victoria Pl, Syracuse, NY 13210",315-435-3636,Call for operating hours
Robert Cecile Community Center,"174 W Seneca Tpke, Colvin, NY 13205",315-473-2678,Mon-Fri: 8:00 AM - 4:00 PM
Salina Library,"100 Belmont St, Syracuse, NY 13211",315-454-4524,Call for operating hours
Salvation Army Senior Center,"749 S Warren St, Syracuse, NY 13202",315-479-1313,Mon-Fri: 8:00 AM - 3:00 PM
Skaneateles Library,"49 E Genesee St, Skaneateles, NY 13152",315-685-5135,Call for operating hours
Solvay Public Library,"615 Woods Rd, Syracuse, NY 13209",315-468-2441,Call for operating hours
Soule Branch Library,"101 Springfield Rd, Syracuse, NY 13214",315-435-5320,Call for operating hours
Syracuse Model Neighborhood Facility at Southwest Community Center,"401 South Avenue, Syracuse, NY 13204",315-474-6823,Call for operating hours
Tully Free Library,"12 State St, Tully, NY 13159",315-696-8606,Call for operating hours
Westcott Community Center,"826 Euclid Ave, Syracuse, NY 13210",315-478-8634,Mon-Fri: 9:00 AM-4:30 PM
White Branch Library,"763 Butternut St, Syracuse, NY 13208",315-435-3519,Call for operating hours
Bloomfield Public Library,"9 Church St, Bloomfield, NY 14469",585-657-6264,Mon-Thurs: 10:00 AM - 7:00 PM; Fri: 10:00 AM - 6:00 PM; Sat: 10:00 AM - 2:00 PM
Clifton Springs Library,"4 Railroad Avenue, Clifton Springs, NY 14432",(315) 462-7371,Mon-Thurs: 10:00 AM - 7:00 PM; Fri: 10:00 AM - 5:00 PM; Sat: 10:00 AM - 2:00 PM
Geneva Public Library,"244 Main St, Geneva, NY 14456, NY 14456",(315) 789-5303,Mon - Fri: 8:30 AM - 7:00 PM; Sat: 9:00 AM - 2:00 PM
Gorham Free Library,"2664 Main Street, Gorham, NY 14561, NY 14561",585-526-6655,Mon: 12:00 PM - 6:00 PM; Tues: 2:00 PM - 8:00 PM; Wed: 9:00 AM - 5:00 PM; Thurs: 2:00 PM - 8:00 PM; Fri: 12:00 PM - 6:00 PM; Sat: 9:00 AM - 1:00 PM; Sun: 2:00 PM - 4:00 PM
Honeoye Public Library,"8708 Main St, Honeoye, NY 14471",(585) 229-5020,Mon: 12:00 PM - 6:00 PM; Tues & Thurs: 2:00 PM - 8:00 PM; Wed: 10:00 AM - 4:00 PM; Sat: 9:00 AM - 1:00 PM; Fri & Sun: closed
Naples Library,"118 S Main St, Naples, NY 14512",(585) 374-2757,"Mon, Wed, Fri: 10:00 AM - 6:00 PM; Tues & Thurs: 10:00 AM - 7:00 PM; Sat: 10:00 AM - 2:00 PM"
Phelps Library,"8 Banta St, Phelps, NY 14532",(315) 548-3120,Mon-Thurs: 9:00 AM - 8:00 PM; Fri: 9:00 AM - 5:00 PM; Sat: 9:00 AM - 1:00 PM (Seasonal)
The Bristol Library,"6750 County Road 32, Canandaigua, NY 14424",(585) 229-5862,"Mon, Wed, Thurs: 3:00 PM - 7:00 PM; Tues, Sat: 10:00 AM - 2:00 PM"
Victor Farmington Library,"15 W Main St, Victor, NY 14564",(585) 924-2637,Mon - Thurs: 9:00 AM - 8:00 PM; Fri: 9:00 AM - 6:00 PM; Sat: 10:00 AM - 4:00 PM; Sun: 12:00 PM - 4:00 PM
Wood Library,"134 N Main St, Canandaigua, NY 14424",(585) 394-1381,Mon-Thurs: 9:00 AM - 9:00 PM; Fri: 9:00 AM - 6:00 PM; Sat: 10:00 AM - 5:00 PM; Sun: 1:00 PM - 4:00 PM
Albert Wisner Library,"1 McFarland Dr, Warwick, NY 10990",,Mon - Thurs: 9:00 AM - 8:00 PM; Fri: 9:00 AM - 5:00 PM; Sat: 10:00 AM - 5:00 PM; Sun: 12:00 PM - 4:00 PM
Goodwill Church,"2135 State Route 208, Montgomery, NY 12549",845-457-5959,Sun - Fri: 8:30 AM - 4:00 PM; Sat: Closed
Grace Community Church,"2839 State Route 94, Washingtonville, NY 10992",845-496-4372,Mon - Thurs: 9:00 AM - 3:00 PM; Fri: Closed; Sat: 4:30 PM - 6:30 PM; Sun: 7:00 AM - 1:00 PM
Middletown Thrall Library,"11-19 Depot St, Middletown, NY 10940",845-341-5454,Sept - June: Mon - Thurs: 9:00 AM - 8:00 PM; Fri: 9:00 AM - 6:00 PM; Sat: 10:00 AM - 5:00 PM; Sun: 12:00 PM - 4:00 PM; Mid June- Labor Day: Sun: Closed; Sat: 10:00 AM - 2:00 PM
Monroe Free Library,"44 Millpond Parkway, Monroe, NY 10950",845-783-4411,"Mon, Tues, Thurs: 9:30 AM - 8:00 PM; Wed: 12:00 PM - 8:00 PM; Fri: 9:30 AM - 5:00 PM; Sat: 9:30 AM - 4:00 PM; Sun: 10:00 AM - 3:00 PM"
Mount Hope Senior Center,"11 Baker St, Otisville, NY 10963",845-386-2211,Mon - Sat: 8:00 AM - 4:00 PM
Municipal Center,"1 Municipal Sq, Walden, NY 12586",845-778-2177,Mon-Fri: 6:30 AM - 10:00 PM; Sat-Sun: Closed
Newburgh Free Library,"124 Grand St, Newburgh, NY 12550",845-563-3600,Mon - Thurs: 9:00 AM - 8:00 PM; Fri: 9:00 AM - 5:00 PM; Sat: 9:00 AM - 5:00 PM; Sun: 1:00 PM - 5:00 PM
Port Jervis Free Library,"138 Pike St, Port Jervis, NY 12771",845-856-7313,"Mon,Tues,Thur: 10:00 AM - 9:00 PM; Wed, Fri: 10:00 AM - 6:00 PM; Sat: 10:00 AM - 5:00 PM"
Port Jervis Youth/Community Center- 2nd Floor,"138 Pike St, Port Jervis, NY 12771",845-858-4000,Call for operating hours
Recreation Department Activity Center,"399 Washington St, Newburgh, NY 12550",845-565-3230,Mon-Fri: 8:30 AM - 4:00 PM; Sat-Sun: Closed
Village of Greenwood Lake Senior,"132 Windermere Ave, Greenwood Lake, NY 10925",845-477-8482,Tues - Fri: 10:30 AM - 2:30 PM; Sat - Mon: Closed
Wawayanda Senior Citizens Building,"NY-284 Slate Hill, NY, NY 10973",845-355-3068,"Mon,Wed,Fri: 9:00 AM - 4:00 PM; Tues, Thurs: 9:00 AM - 10:00 PM"
Community Free Library,"86 Public Square, Holley, NY 14470",(585) 638-6987,"Mon & Wed: 10:00 AM - 8:00 PM; Tues, Thurs, Fri: 10:00 AM - 5:00 PM; Sat & Sun: CLOSED"
Hoag Library,"134 South Main St, Albion, NY 14411",(585) 589-4246,Mon-Thurs: 10:00 AM-8:00 PM; Fri: 10:00 AM -5:00 PM; Sat: 10:00 AM -2:00 PM; Sun: Closed
Lee-Whedon Memorial Library,"620 West Ave, Medina, NY 14103",(585) 798-3430,Mon-Thurs: 10:00 AM -8:00 PM; Fri: 10:00 AM -5:00 PM; Sat: Closed (during summer); Sun: Closed
Orleans County YMCA,"306 Pearl St, Medina, NY 14103",(585) 798-2040,Mon - Fri: 6:00 AM – 8:00 PM; Sat: 7:00 AM – 12:00 PM; Sun: CLOSED
Yates Community Library,"15 North Main Street, Lyndonville, NY 14098",(585) 765-9041,Mon –Tues: 10:00 AM -8:00 PM; Wed: Closed; Thurs: 10:00 AM -8:00 PM; Fri: 10:00 AM -5:00 PM; Sat & Sun: Closed; Wed 6/19: 12:00 PM - 5:00 PM
Albion Town Hall,"15 Bridge Street, Altmar, NY 13302",,Tues 6/18 - 6/21 Fri: 10:00 AM - 2:00 PM
Annie Porter Ainsworth Memorial Library,"6064 S Main S, Sandy Creek, NY 13145",315-387-3732,"Mon, Tues, Thurs, Fri: 10:00 AM - 6:00 PM; Sat: 10:00 AM - 1:00 PM"
Breitbeck Park,"91 Lake St, Oswego, NY 13126",3153428180,Mon-Sun: 11:00 AM - 8:00 PM
Central Square Library,"637 S Main St, Central Square, NY 13036",315-668-6104,Mon & Thurs: 10:00 AM - 6:00 PM; Tues & Wed: 10:00 AM - 4:00 PM; Fri: 10:00 AM - 5:00 PM; Sat: 10:00 AM - 2:00 PM
City of Fulton Municipal Building Community Room,"141 S 1st St, Fulton, NY 13069",,Tues 6/18 - Sat 6/22: 8:00 AM - 8:00 PM
Franklin Square Park,"40 block of West Seneca St, Oswego, NY 13126",,Wed 6/19 - Fri 6/21: 10:00 AM - Dusk
Fulton Hulett Park Splash Pad,"609 Division St, Fulton, NY 13069",315-592-5201,Mon-Sun: 10:00 AM - 5:00 PM; Tues 6/18 - Sat 6/22: 11:00 AM - 7:30 PM
Fulton Library,"160 S 1st St, Fulton, NY 13069",315-592-5159,Mon & Fri: 9:00 AM - 5:00 PM; Tues - Thurs: 9:00 AM - 6:00 PM; Sat: 9:00 AM - 1:00 PM
Hannibal Library,"162 Oswego St, Hannibal, NY 13074",315-564-5471,"Mon, Wed, Fri: 10:00 AM - 4:30 PM; Tues & Thurs: 10:00 AM - 8:00 PM; Sat: 9:00 AM - 3:00 PM"
Kingsford Park,"275 W 5th St, Oswego, NY 13126",,Wed 6/19 - Fri 6/21: 10:00 AM - Dusk
Mexico Library,"3269 Main St, Mexico, NY 13114",315-963-3012,"Mon & Wed: 9:00 AM - 7:00 PM; Tues, Thurs, Fri: 9:00 AM - 5:00 PM"
Oak Hill Park,"195 E 7th St, Oswego, NY 13126",952-924-2500,Mon-Sun: 10:00 AM - 9:00 PM
Oswego City Library,"120 E. First St., Oswego, NY 13126",315-341-5867,"Mon, Tues, Wed, Thurs: 9:00 Am-7:00 PM; Fri & Sat: 9:00 AM-5:00 PM; Sun: closed"
Parish Library,"3 Chruch St, Parish, NY 13131",315-625-7130,Mon: 11:00 AM - 5:00 PM; Tues: 3:00 PM - 7:00 PM; Wed: 11:00 AM - 5:00 PM; Thurs: 5:00 PM - 7:00 PM; Fri: Closed; Sat: 10:00 AM - 3:00 PM
Pulaski Public Library,"4917 Jefferson St, Pulaski, NY 13142",518-298-2717,"Mon, Wed - Fri: 9:00 AM - 4:00 PM; Tues: 9:00 AM - 5:30 PM"
Scriba Town Park,"803 O'Connor Rd, Oswego, NY 13126",315-343-8107,Mon-Sun: 12:00 PM - 5:00 PM
3 - Mile Point,"6266 State Highway 80, Cooperstown, NY 13326",607-547-2411,Call for operating hours
Baker's Beach,"8114 St Hwy 28, Richfield Springs, NY 13439",315-858-2043,Call for operating hours
Edmeston Town Pool,"11 North Street, Edmeston, NY 13335",607-965-9823,Call for operating hours
Fairy Springs Park,"136 County Road 31, Cooperstown, NY 13326",607-547-2150,Call for operating hours
FoxCare Center,"1 Foxcare Drive, Oneonta, NY 13820",607-432-2000,Call for operating hours
Gilbert Lake State Park,"18 CCC Road, Laurens, NY 13796",607-432-2114,Call for operating hours
Glimmerglass State Park,"1527 County Highway 31, Cooperstown, NY 13326",607-547-8662,Call for operating hours
Greater Plains Pool,"60 West End Ave, Oneonta, NY 13820",607-433-1370,Call for operating hours
Otego Town Pool,"13 Parkway Dr., Otego, NY 13825",607-376-8978,Mon - Sun: 1:00 PM - 8:00 PM; 5:00 PM - 6:00 PM (Adult Swim); 6:00 PM - 8:00 PM (Family Swim); No Fee- Otego Residents Only
Southside Mall,"5006 St Hwy 23, Oneonta, NY 13820",607-432-4401,Call for operating hours
Springfield Landing,"469 Public Landing Road, Springfield, NY 13468",315-858-6424,Call for operating hours
SUNY Oneonta A.J. Read Science Discovery Center,"108 Ravine Parkway (Physical Science Building), Oneonta, NY 13820",607-436-2011,Tues - Sat: 10:00 AM - 4:00 PM (Facility has AC and WiFi Access)
The Clark Sports Center,"124 County Highway 52, Cooperstown, NY 13326",607-547-2800,Call for operating hours
Wilber Pool,"1 Wilber Park Dr, Oneonta, NY 13820",607-432-0010,Call for operating hours
Worcester Town Pool,"198 Main St, Worcester, NY 12197",607-397-8978,Call for operating hours
Brewster Public Library,"79 Main St, Brewster, NY 10509",845-279-6421,Call for operating hours
Desmond Fish Public Library,"472 Route 403, Garrison, NY 10524",845-424-3020,Call for operating hours.
Julia L. Butterfield Library,"10 Morris Avenue, Cold Spring, NY 10516",845-265-3040,Call for operating hours
Kent Public Library,"17 Sybil’s Crossing, Kent Lakes, NY 10512",845-225-8585,Call for operating hours
Mahopac Public Library,"668 Route 6, Mahopac, NY 10541",845-628-2009,Call for operating hours.
Patterson Library,"1167 Route 311, Patterson, NY 12563",845-878-6121,Call for operating hours
Putnam Valley Library,"30 Oscawana Lake Road, Putnam Valley, NY 10579",845-528-3242,Call for operating hours
Reed Memorial Library,"1733 Route 6, Carmel, NY 10512",845-225-2439,Call for operating hours
7th Avenue Park,"2910 7th Avenue, Troy, NY 12180",518-235-7761,Mon - Sun: Sunrise-Sunset
Arvilla E Diver Memorial Library,"136 Main Street, Schaghticoke, NY 12154",518-753-4344,Mon: 10:00 AM - 6:00 PM; Tues - Thurs: 1:00 PM - 6:00 PM; Sat: 10:00 AM - 1:00 PM; Fri & Sun: Closed
Castleton Library,"85 South Main Street, Castleton-on-Hudson, NY 12033",518-732-0879,Mon-Wed: 12:00 PM - 8:00 PM; Thurs & Fri: 10:00 AM - 6:00 PM; Sat & Sun: 11:00 AM - 4:00 PM
Cheney Library,"73 Classic Street, Hoosick Falls, NY 12090",518-686-9401,Mon: 1:00 PM - 8:00 PM; Tues: 10:00 AM - 5:00 PM; Wed: 1:00 PM - 8:00 PM; Thurs: 10:00 AM - 8:00 PM; Fri: 11:00 AM - 5:00 PM; Sat: 10:00 AM - 1:00 PM; Sun: Closed
Corliss Park Splash Pad,"1450 Corliss Park, Troy, NY 12180",518-235-7761,Mon - Sun: Sunrise to Sunset
East Greenbush Library,"10 Community Way, East Greenbush, NY 12061",518-477-7476,Mon - Thurs: 9:00 AM - 8:00 PM; Fri: 10:00 AM - 6:00 PM; Sat: 10:00 AM - 5:00 PM; Sun: 1:00 PM - 5:00 PM
Eastern Area Senior Service Center,"2 Roxborough Rd, Cropseyville, NY 12052",518-279-3413,Mon - Fri: 9:00 AM - 3:00 PM; Sat & Sun: Closed
Frear Park Splash Pad,"1809 Frear Park Road, Troy, NY 12180",518-235-7761,Mon - Sun: Sunrise to Sunset
Grafton Library,"2455 Rt. 2, Grafton, NY 12082",518-279-0580,"Mon, Tues, Thurs, Fri: 1:00 PM - 6:00 PM; Wed: 10:00 AM - 1:00 PM; Sat: 10:00 AM - 1:00 PM; Sun: Closed"
Historic Market in Little Italy,"5th Ave, Liberty and Hill St, Troy, NY 12180",518-270-4471,June 18th-21st: 2:00PM - 7:00PM
Lansingburgh Boys and Girls Club,"501 Fourth Ave, Troy, NY 12182",518-270-4471,June 18th-21st: 2:00PM - 7:00PM
Nassau Library,"18 Church Street, Nassau, NY 12123",518-766-2715,Mon & Fri: 12:00 PM - 6:00 PM; Tues & Thurs: 12:00 PM - 8:00 PM; Wed: 10:00 AM - 6:00 PM; Sat: 10:00 AM - 12:00 PM; Sun: Closed
North Greenbush Library,"141 Main Avenue, Wynantskill, NY 12198",518-283-0303,Mon - Fri: 10:00 AM - 7:00 PM; Sat: 10:00 AM - 2:00 PM; Sun: Closed
Northern Tier Senior Service Center,"69 Church St., Hoosick Falls, NY 12090",518-686-7561,Mon - Fri: 9:00 AM - 3:00 PM; Sat & Sun: Closed
Petersburgh Public Library,"69 Main Street, Petersburgh, NY 12138",518-658-2927,"Mon, Tues, Thurs, Fri: 2:00 PM - 6:00 PM; Wed: 2:00 PM - 7:00 PM; Sat: 9:30 AM - 12:30 PM; Sun: Closed"
Poestenkill Firehouse,"182 Main St, Poestenkill, NY 12140",518-283-5100 x104,Call for operating hours.
Prospect Park Splash Pad,"65 Prospect Park Road, Troy, NY 12180",518-235-0215,Mon - Sun: Sunrise to Sunset
Rensselaer Public Library,"676 East Street, Rensselaer, NY 12144",518-462-1193,Mon: 12:00 PM - 5:00 PM; Tues & Fri: 10:00 AM - 5:00 PM; Wed & Thurs: 10:00 AM - 8:00 PM; Sun: Closed
Sand Lake Town Hall,"8428 NY-66, Averill Park, NY 12018",518-674-2026,Mon - Fri: 9:00 AM - 4:00 PM; Sat & Sun: Closed
Southern Tier Senior Service Center,"1800 E Schodack Rd, Castleton On Hudson, NY 12033",518-477-6581,Mon - Fri: 9:00 AM - 3:00 PM; Sat & Sun: Closed
Town of Brunswick Library,"4118 Route 2, Troy, NY 12180",518-279-4023,Mon - Fri: 10:00 AM - 6:00 PM; Sat: 10:00 AM - 2:00 PM; Sun: Closed
Troy Area Senior Service Center,"1520 Sixth Avenue Suite 1-3, Troy, NY 12180",518-270-5348,Mon - Fri: 9:00 AM - 3:00 PM; Sat & Sun: Closed
Valley Falls Library,"42 State Street, Valley Falls, NY 12185",518-753-4230,Tues: 9:30 AM - 12:00 PM & 1:00 PM - 8:00 PM; Wed: 11:00 AM - 6:00 PM; Thurs & Fri: 9:30 AM - 12:00 PM & 1:00 PM - 6:00 PM; Sat: 9:30 AM - 1:00 PM; Sun & Mon: Closed
William D. Chamberlain Riverfront Park Splash Pad,"255 Front Street, Troy, NY 12180",518-235-7761,Mon - Sun: Sunrise to Sunset
Central Nyack Community Center,"58 Waldron Ave, Nyack, NY 10960",845-358-2500,Mon- Fri: 10:00 AM - 8:45 PM (Closed 5:45 PM - 7:00 PM); Sat: 9:00 AM – 5:00 PM
Congers Community Center,"6 Gilchrest Rd, Clarkstown, NY 10920",845-268-9700,Mon - Fri: 10:00 AM - 8:45 PM; Sat & Sun: 10:00 AM - 6:00 PM
Haverstraw Town Hall,"1 Rosman Rd, Haverstraw, NY 10923",845-429-2200,Mon - Fri: 9:00 AM - 5:00 PM
Haverstraw Village Community Ctr.,"50 W Broad St, Haverstraw, NY 10927",845-429-5731,Mon - Fri: 10:00 AM - 5:00 PM (only Food Pantry open on wknds)
Joseph T. St. Lawrence Community,"115 Torne Valley Road, Hillburn, NY 10931",845-753-2324,Mon - Fri: 7:00 AM - 10:00 PM; Sat: 8:00 AM – 10:00 PM; Sun: 8:00 AM – 9:00 PM
Kurtz Civic Center Board Room,"9 N Main St, Spring Valley, NY 10977",845-573-5446,Mon - Fri: 9:00 AM - 7:00 PM
Nyack Senior Center,"90 Depew Ave, Nyack, NY 10960",845-353-1311,Mon - Fri: 10:00 AM - 2:00 PM
"Orangetown Police Department, Community Room- Court Rooms 1 & 2","26 W Orangeburg Rd, Orangeburg, NY 10962",845-359-3700,Mon - Fri: 9:00 AM - 5:00 PM (business hours); Building is open 7:00 AM - 7:00 PM
Orangetown Town Hall,"26 Orangeburg Rd, Orangeburg, NY 10962",845-359-5100,Mon - Fri: 9:00 AM - 5:00 PM (business hours); Building is open 7:00 AM - 7:00 PM
Palisades Center,"1000 Palisades Center Dr, West Nyack, NY 10994",845-348-1000,Mon - Sat: 11:00 AM - 7:00 PM; Sun: 11:00 AM - 5:00 PM
Pascack Community Center- Nanuet,"87 New Clarkstown Rd, Nanuet, NY 10954",845-371-6650,Mon - Fri: 12:30 PM - 8:45 PM; Sat: 10:00 AM – 4:45 PM
Piermont Fire Department (Evacuation Center),"554 Piermont Avenue, Piermont, NY 10968",845-359-0240,Call for operating hours
Ramapo Senior Center,"484 New Hempstead Rd, New City, NY 10956",845-356-2244,Mon - Fri: 8:00 AM - 4:00 PM
Ramapo Town Hall,"237 Route 59, Suffern, NY 10901",845-357-5100,Mon - Fri: 9:00 AM - 5:00 PM
Stony Point Community Center (RHO Bldg),"5 Club House Ln, Stony Point, NY 10980",845-947-5261,Mon - Fri: 9:00 AM - 7:00 PM
Street Community Center- New City,"31 Zukor Rd, New City, NY 10956",845-639-5705,Mon - Fri: 8:00 AM - 9:00 PM; Sat: 9:00 AM – 5:00 PM
Village Hall of Airmont,"251 Cherry Ln, Airmont, NY 10901",845-414-5522,Mon - Fri: 9:00 AM - 4:00 PM
Village Hall of Haverstraw,"40 New Main St, Haverstraw, NY 10927",845-429-0300,Mon - Fri: 9:00 AM - 5:00 PM
Village Hall of Hillburn,"31 Mountain Ave, Hillburn, NY 10931",845-357-2036,Mon - Fri: 9:00 AM - 4:30 PM
Village Hall of Nyack,"90 Depew Ave, Nyack, NY 10960",845-358-0548,Mon - Fri: 9:00 AM - 5:00 PM
Village Hall of Piermont,"478 Piermont Ave, Orangetown, NY 10968",845-359-1258,Mon - Fri: 9:00 AM - 5:00 PM
Village Hall of Pomona,"100 Ladentown Rd, Pomona, NY 10970",845-354-0545,Mon - Fri: 9:00 AM - 4:00 PM
Village Hall of Sloatsburg,"96 Orange Tpke, Ramapo, NY 10974",845-753-2727,Call for operating hours
Village Hall of Suffern (Community Room Upper level),"61 Washington Avenue, Suffern, NY 10901",845-357-2600,Mon - Fri: 8:00 AM - 4:00 PM
Village Hall of Wesley Hills,"432 Route 306, Monsey, NY 10952",845-354-0400,Mon - Fri: 9:00 AM - 4:00 PM
Village Hall of West Haverstraw,"130 Samsondale Ave, West Haverstraw, NY 10993",845-947-2800,Mon - Fri: 8:30 AM - 4:30 PM
Village of Hillburn Community Room,"37 Fifth Street, Hillburn, NY 10931",845-369-0893,Call for operating hours
Clifton Park Community Center,"6 Clifton Common Blvd, Clifton Park, NY 12065",518-383-1343,Mon-Sun: 9:00 AM - 4:00 PM
Gavin Park,"10 Lewis Road, Wilton, NY 12866",518-584-9455 or 518-587-1939 Ext: 600,Mon - Fri: 9:00 AM - 5:00 PM
Hadley Senior Center,"23 Maple St, Hadley, NY 12835",518-696-3312 (Town Hall),Open upon request
Moreau Community Center,"144 Main Street, South Glens Falls, NY 12803",518-792-6007,Mon - Fri: 8:00 AM - 4:00 PM
Northumberland Town Hall,"17 Catherine St, Gansevoort, NY 12831",518-792-9179,Mon - Thurs: 8:00 AM - 1:00 PM & 2:00 PM - 4:00 PM; Tues: 6:00 PM - 8:00 PM; Fri: 8:00 AM - 1:00 PM
Bethesda House of Schenectady,"834 State Street, Schenectady, NY 12307",518-374-7873,"Mon-Fri: 9:00 AM - 11:30 AM, 1:00 PM - 4:30 PM; Weekend Heat wave only Sat-Sun 9:00 AM - 5:00 PM"
Central Branch Public Library,"99 Clinton St, Schenectady, NY 12308",518-388-4500,Mon-Thurs: 9:00 AM - 8:00 PM; Friday: 9:00 AM - 5:00 PM; Sat: 10:00 AM - 5:00 PM; Sun: 12:00 PM - 4:00 PM
Glenville Public Library,"20 Glenridge Rd, Schenectady, NY 12302",518-386-2243,"Mon & Wed: 10:00 AM - 7:00 PM; Tues, Thurs-Sat: 10:00 AM - 5:00 PM"
Glenville Senior Center,"32 Worden Rd, Schenectady, NY 12302",518-374-0734,Mon-Fri: 9:00 AM - 4:00 PM
Mont Pleasant Public Library,"1036 Crane St, Schenectady, NY 12303",518-386-2245,Mon & Wed: 10:00 AM - 5:00 PM; Tues & Thurs: 12:00 PM - 7:00 PM; Fri - Sat: 10:00 AM-5:00 PM
Niskayuna Public Library,"2400 Nott St E, Schenectady, NY 12309",518-386-2249,Mon & Tues: 10:00 AM - 7:00 PM; Wed – Sat: 10:00 AM - 5:00 PM
Niskayuna Senior Center,"2682 Aqueduct Rd, Niskayuna, NY 12309",518-372-4969 or 518-386-4526,Mon: 9:00 AM - 7:00 PM; Tue & Thur: 9:00 AM - 3:00 PM *Operates as a cooling center during heat waves only*
Phyllis Bornt Public Library,"948 State St, Schenectady, NY 12307",518-372-4393,Mon & Wed: 12:00 PM - 7:00 PM; Tues: 10:00 AM - 5:00 PM; Thurs-Sat: 10:00 AM - 5:00 PM
Quaker Street Public Library,"133 Bull St, Delanson, NY 12053",518-895-2719,Mon-Wed: 10:00 AM - 5:00 PM; Thurs: 12:00 PM - 7:00 PM
Rotterdam Public Library,"1100 N Westcott Rd, Schenectady, NY 12306",518-356-3440,Mon: 10:00 AM - 5:00 PM; Tues - Wed: 10:00 AM - 7:00 PM; Thurs-Sat: 10:00 AM - 5:00 PM
Rotterdam Senior Center,"2639 Hamburg St, Schenectady, NY 12303",518-356-1561,Mon-Fri: 8:00 AM - 4:00 PM*Operates as a cooling center during heat waves only*
Rotterdam Square Mall,"93 West Campbell Rd, Rotterdam, NY 12306",838-433-9308,Mon-Sat: 11:00 AM - 7:00 PM; Sun: 11:00 AM - 5:00 PM
Scotia Public Library,"14 Mohawk Ave, Schenectady, NY 12302",518-386-2247,"Mon, Wed, Fri: 10:00 AM - 5:00 PM; Tues & Thurs: 12:00 PM - 7:00 PM"
Woodlawn Public Library,"2 Sanford St, Schenectady, NY 12304",518-386-2248,Mon: 10:00 AM - 5:00 PM; Tues & Thurs: 2:00 PM - 7:00 PM; Wed & Fri: 10:00 AM - 3:00 PM
Edith B Ford Memorial Library,"7169 Main Street, Ovid, NY 14521",607-869-3031,Mon: 9:00 AM - 5:00 PM; Tues: 10:00 AM - 5:00 PM; Wed: 10:00 AM - 7:00 PM; Thurs: 10:00 AM - 5:00 PM; Fri: 9:00 AM - 5:00 PM; Sat: 10:00 AM - 2:00 PM; Sun: Closed
Office for the Aging (OFA),"2465 Bonadent Dr Suite 4, Waterloo, NY 13165",315-539-1756,Mon 8:00 AM - 4:00 PM; Tues 8:00 AM - 4:00 PM; Wed: CLOSED for Holiday; Thurs 8:00 AM - 4:00 PM; Fri 8:00 AM - 4:00 PM
Sampson State Park,"6096 Route 96, Romulus, NY 14541",315-585-6392,Mon - Sun: 11:00 AM - 7:00 PM
Seneca Falls Community Center,"35 Water Street, Seneca Falls, NY 13148",315-568-6933,Mon - Fri: 6:00 AM - 8:00 PM; Sat: 8:00 AM - 12:00 PM; Sun: Closed
Seneca Lake State Park,"1 Lakefront Drive, Geneva, NY 14456",315-789-2331,Mon - Sun: 11:00 AM - 6:00 PM
VFW - Waterloo,"29 W Elisha Street, Waterloo, NY 13165",315-539-9771,Call for operating hours
VFW- Ovid,"7068 Rt 96, Ovid, NY 14521",607-869-9820,Mon-Friday 2:00 PM-9:00 PM; Sat & Sun: 12:00 PM-10:00 PM
Brier Hill Fire Department,"2678 State Highway 37, Brier Hill, NY 13614",315-323-0047,24/7; Call to confirm avaialbility.
Gouverneur Community Center,"4673 NY-58, Gouverneur, NY 13642",(315) 771-6057,Mon-Fri: 7:00 AM- 5:00 PM; weekends by request. Call to confirm availability.
Massena Public Library,"41 Glenn Street, Massena, NY 13662",315-769-9914,"Mon, Tues, Thurs, Fri: 9:30 AM - 5:00 PM; Wed: 9:30 AM - 8:00 PM"
Norfolk Volunteer Rescue Squad,"7 Sedwick Street, Norfolk, NY 13667","315-212-4075, 315-269-7079",Monday-Thursday 7:00 AM- 5:00PM; May be open other times as needed
Parishville Town Office,"1772 State Highway 72, Parishville, NY 13672",315-265-2131,Mon - Fri: 9:00 AM - 3:00 PM
Pine Street Arena,"43 Pine St., Potsdam, NY 13676",315-265-4030,Mon - Fri: 8:00 AM - 4:00 PM; Call to confirm availability.
STEP by STEP,"1515 Knox Street, Ogdensburg, NY 13669",315-394-0597,"Mon- Fri, 8:00 AM - 3:00 PM; Call to confirm availability"
Town of Brasher Municipal Building,"11 Factory Street, Brasher Falls, NY 13613",315-389-4223,Mon - Thurs: 8:00 AM - 4:00 PM
Village of Richville Fire Hall,"71 Main St, Richville, NY 13681",315-287-7045,Call to confirm availability.
Addison Public Library,"6 South St, Addison, NY 14801",607-359-3888,Mon: 1:00 PM - 7:00 PM; Wed: 2:00 PM - 8:00 PM; Thurs: 10:00 AM - 6:00 PM; Fri: 2:00 PM - 5:00 PM
Arkport Village Book Center,"2 East Ave, Arkport, NY 14807",607-295-7811,Tues-Thurs: 10:00 AM - 6:00 PM; Fri: 10:00 AM - 2:00 PM
Avoca Free Library,"18 N Main St, Avoca, NY 14809",607-566-9279,Mon-Tues: 10:00 AM - 6:00 PM; Thurs-Fri: 10:00 AM - 6:00 PM; Sat: 10:00 AM - 2:00 PM
Benedek Memorial Library,"7 McCoy Street, Savona, NY 14879",607-583-4426,Mon: 11:00 AM - 7:00 PM; Wed - Thurs: 11:00 AM - 7:00 PM; Fri: 2:00 PM - 7:00 PM; Sat: 9:00 AM - 1:00 PM
Cohocton Public Library,"8 Maple Ave, Cohocton, NY 14826",585-384-5170,Mon-Fri: 10:00 AM - 6:00 PM; Sat: 10:00 AM - 2:00 PM
Dormann Library,"101 W Morris St, Bath, NY 14810",607-776-4613,Mon-Fri: 10:00 AM - 6:00 PM; Sat: 10:00 - 2:00 PM
E. J. Cottrell Memorial Library,"30 Main St, Cohocton, NY 14808",585-534-5030,Mon-Tues: 10:00 AM - 8:00 PM; Wed-Fri: 10:00 AM - 5:00 PM
Fred & Harriett Taylor Library,"21 William St, Hammondsport, NY 14840",607-569-2045,Mon: 10:00 AM - 8:00 PM; Tues: 2:00 PM - 8:00 PM; Wed: 10:00 AM - 8:00 PM; Thurs: 2:00 PM - 8:00 PM; Fri: 10:00 AM - 5:00 PM; Sat: 10:00 AM - 2:00 PM
Greenwood Reading Center,"2684 State Route 248, Greenwood, NY 14877",607-225-4553,Call for operating hours
Hornell Public Library,"64 Genesee St, Hornell, NY 14843",607-324-1210,Mon-Tues: 12:00 PM - 7:00 PM; Wed: 9:00 AM - 7:00 PM; Thurs: 12:00 PM - 7:00 PM; Fri: 1:00 PM - 5:00 PM; Sat: 10:00 AM - 2:00 PM
Howard Public Library,"3607 County Route 70A, Hornell, NY 14843",607-566-2412,Mon: 2:00 PM - 7:00 PM; Tues: 12:00 PM - 7:00 PM; Thurs: 2:00 PM - 7:00 PM; Sat: 9:00 AM - 1:00 PM
Jasper Free Library,"3807 Library Street, Jasper, NY 14855",607-792-3494,Call for operating hours
Prattsburg Library,"26 Main St, Prattsburgh, NY 14873",607-522-3490,Tues-Fri: 11:00 AM - 6:00 PM; Sat: 10:00 AM - 2:00 PM
Pulteney Free Library,"9226 County Road 74, Pulteney, NY 14874",607-868-3652,Tues: 12:00 PM - 8:00 PM; Wed: 12:00 PM - 6:00 PM; Thurs: 12:00 PM - 8:00 PM; Sat: 9:00 AM - 1:00 PM
Southeast Steuben County Library,"300 Nasser Civic Center Plz, Corning, NY 14830",607-936-3713,Mon-Fri: 9:00 - 7:30 PM; Sat: 9:00 AM - 2:00 PM
Wayland Free Library,"101 W Naples St, Wayland, NY 14572",585-728-5380,Mon: 10:00 AM - 6:00 PM; Fri: 12:00 PM - 5:00 PM; Sat: 10:00 AM - 12:00 PM
Wimodaughsian Free Library,"19 W Main St, Canisteo, NY 14823",607-698-4445,Mon: 12:00 PM - 6:00 PM; Tues: 10:00 AM - 5:00 PM; Wed-Fri: 12:00 PM - 6:00 PM; Sat: 10:00 AM - 2:00 PM
Callicoon - Delaware Free Library,"45 Lower Main St, Callicoon, NY 12723",845-887-4040,"Mon, Wed - Thurs: 10:00 AM - 5:00 PM; Tues: 3:00 PM - 7:00 PM; Fri: 10:00 AM - 6:00 PM; Sat: 11:30 AM - 4:00 PM; Sun: Closed"
Daniel Pierce Library,"328 Main St, Grahamsville, NY 12740",845-985-7233,"Mon: 9:00 AM - 1:00 PM, Tues & Thurs: 9:00 AM - 7:00 PM, Wed & Fri: 9:00 AM - 5:00 PM; Sat: 9:00 AM - 12:00 PM, Sun: Closed"
Ethelbert B Crawford Public Library,"479 Broadway, Monticello, NY 12701",845-794-4660,Mon - Tues & Thurs: 9:30 AM - 8:00 PM; Wed & Fri: 9:30 AM - 6:00 PM; Sat: 10:00 AM - 4:00 PM
Fallsburg Library,"12 Railroad Plz, South Fallsburg, NY 12779",845-436-6067,"Mon, Thurs-Fri: 9:30 AM - 4:00 PM; Tues-Wed: 10:00 AM - 6:00 PM"
Jeffersonville Free Library,"19 Center St, Jeffersonville, NY 12748",845-482-4350,"Mon: Closed; Tues - Wed: 10:00 AM - 8:00 PM; Thurs - Fri: 10:00 AM - 6:00 PM; Sat: 10:00 AM - 2:00 PM, Sun: Closed"
Liberty Public Library,"189 N Main St, Liberty, NY 12754",845-292-6070,"Mon, Wed & Fri: 10:00 AM - 5:00 PM; Tues & Thurs: 10:00 AM - 6:30 PM; Sat: 10:00 AM - 4:00 PM; Sun: Closed"
Livingston Manor Public Library,"92 Main St, Livingston Manor, NY 12758",845-439-5440,"Mon - Wed & Fri: 10:00 AM - 5:00 PM; Thurs: 10:00 AM - 7:00 PM; Sat: 10:00 AM - 2:00 PM, Sun: Closed"
Mamakating Library,"128 Sullivan St, Wurtsboro, NY 12790",845-888-8004,"Mon, Wed & Fri: 10:00 AM - 5:00 PM: Tues & Thurs: 10:00 AM - 7:00 PM; Sat: 10:00 AM - 4:00 PM"
Sullivan County Government Center,"100 North Street, Monticello, NY 12701",845-794-3000,Mon-Fri: 9:00 AM - 5:00 PM
Sunshine Hall Free Library,"14 Proctor Rd, Eldred, NY 12732",845-557-6258,Mon: Closed; Tues - Thurs: 12:00 PM - 4:00 PM; Fri - 11:00 AM - 6:00 PM; Sat - 10:00 AM - 3:00 PM
SUNY Sullivan,"112 College Road, Loch Sheldrake, NY 12759",845-434-5750,Mon-Fri: 8:30 AM - 5:00 PM
Walmart,"41 Anawana Lake Road, Monticello, NY 12701",845-796-7202,Mon-Sun: 6:00 AM - 11:00 PM
Apalachin Public Library,"719 Main St, Apalachin, NY 13732",607-625-3333,"Mon, Tues, Thurs: 10:00 AM – 7:00 PM; Fri & Sat: 10:00 AM – 2:00 PM"
Cady Library,"42 East River Road, Nichols, NY 13812",607-699-3835,Tues & Fri: 12:00 PM – 5:30 PM; Wed: 2:00 PM - 5:30 PM; Thurs: 1:00 PM – 7:00 PM; Sat: 9:00 AM – 12:00 PM
Candor Public Library,"2 Bank Street, Candor, NY 13743",607-659-7258,"Mon, Wed, Fri: 2:00 PM – 5:00 PM; Tues & Thurs: 10:00 AM – 12:00 PM & 2:00 PM - 7:00 PM; Sat: 10:00 AM - 2:00 PM"
Coburn Free Library,"275 Main Street, Owego, NY 13827",607-687-3520,"Mon, Wed, Fri: 10:00 AM – 5:00 PM; Tues & Thurs: 2:00 PM – 7:00 PM"
Greater Owego Community Pool,"1 Sheldon Guile Boulevard, Owego, NY 13827",607-687-6352,Pool Hours & Availability: https://www.oacsd.org/page/oa-community-pool
Marvin Park Pool,"50 West Main Street, Owego, NY 13827",607-687-1101,Pool Hours & Availability: villageofowego.com/departments/parks_and_recreati on.php
Spencer Library,"41 North Main St, Spencer, NY 14883",607-589-4496,Mon: 9:00 AM – 2:00 PM; Tues-Fri: 3:00 PM – 8:00 PM; Sat: 10:00 AM – 2:00 PM
Tappan Spaulding Memorial Library,"6 Rock St, Newark Valley, NY 13811",607-642-9960,"Mon & Wed: 1:00 PM – 6:00 PM; Tues, Thurs, Sat: 9:00 AM – 2:00 PM"
Tioga Central School Indoor Pool,"27 Fifth Avenue, Tioga Center, NY 13845",607-687-8004,Pool Hours & Availability: Tiogacentral.org/aquatics.aspx
Waverly Free Library,"18 Elizabeth St, Waverly, NY 14892",607-565-9341,Tues: 10:00 AM – 7:00 PM; Wed & Thurs: 10:00 AM – 5:00 PM; Fri: 10:00 AM – 4:00 PM; Sat: 10:00 AM – 2:00 PM
Appel Commons Community Center,"186 Cradit Farm Dr, Ithaca, NY 14850",607-351-3096,Mon-Fri: 7:00 AM - 5:00 PM
Greater Ithaca Activities Center (GIAC),"301 W. Court St, Ithaca, NY 14850",607-272-3622,Mon-Fri: 9:00 AM - 5:30 PM
Groton Public Library,"112 E. Cortland St, Groton, NY 13073",607-898-5055,Mon: 2:00 PM - 8:00 PM; Tues-Fri: 12:00 PM - 8:00 PM; Sat: 10:00 AM - 2:00 PM
"Ithaca College (Athletics & Events Center, Campus Center, Dillingham Hall, Fitness Center)","953 Danby Rd, Ithaca, NY 14850",607-274-1092,Mon-Sun: 8:30 AM - 5:00 PM
Lansing Community Library,"27 Auburn Rd, Lansing, NY 14882",607-533-4939,Mon-Thurs: 10:00 AM - 7:00 PM; Fri & Sat: 10:00 AM - 2:00 PM
Newfield Public Library,"198 Main St, Newfield, NY 14867",607-564-3594,Mon: 2:00 PM - 5:00 PM; Tues-Thurs: 10:00 AM - 6:30 PM; Fri: 2:00 PM - 6:30 PM; Sat: 10:00 AM - 2:00 PM
Noyes Community Rec. Center,"Cornell University - 306 West Ave, Ithaca, NY 14850",607-255-0421,Mon-Fri: 8:00 AM - 9:00 PM
Olin and Uris Libraries,"Cornell University - 161 Ho Plaza 14853, Ithaca, NY 14850",607-255-4144,Mon-Thurs: 8:00 AM - 9:00 PM; Fri: 8:00 AM - 6:00 PM; Sat-Sun: 10:00 AM - 6:00 PM
Shops at Ithaca Mall,"40 Catherwood Rd, Ithaca, NY 14850",607-257-5338,Mon-Sat: 10:00 AM - 8:00 PM; Sun: 11:00 AM - 5:00 PM
Southworth Library,"24 W. Main St, Dryden, NY 13053",607-844-4782,Mon-Fri: 10:00 AM - 6:00 PM; Sat: 10:00 AM - 2:00 PM
Tompkins Cortland Community College,"170 North St, Dryden, NY 13053",607-844-8211,Mon-Fri: 6:00 AM - 10:00 PM; Sat: 7:30 AM - 10:00 PM; Sun: 7:30 AM - 5:00 PM
Tompkins County Public Library,"101 East Green St, Ithaca, NY 14850",607-272-4557,Mon-Thu: 9:00 AM -8:00 PM; Fri: 9:00 AM - 6:00 PM; Sat: 10:00 AM - 5:00 PM
Ulysses Philomathic Library,"74 E. Main St, Trumansburg, NY 14886",607-387-5623,"Mon, Thurs-Fri: 10:00 AM - 5:00 PM; Tues-Wed: 10:00 AM - 7:00 PM; Sat: 10:00 AM - 2:00 PM"
YMCA of Ithaca & Tompkins County,"50 Graham Road, West Ithaca, NY 14850",607-257-0101,Mon-Fri: 6:00 AM - 8:00 PM; Sat: 8:00 AM - 4:00 PM
Aviation Mall,"578 Aviation Rd, Queensbury, NY 12804",518-793-8818 x105,Mon - Sat: 11:00 AM - 7:00 PM; Sun: 11:00 AM - 5:00 PM
Caldwell Lake George Library,"336 Canada St, Lake George, NY 12845",518-668-2528,Mon - Fri: 10:00 AM - 5:00 PM *Operates as a cooling center during heat waves only*
Crandall Library,"251 Glen St., Glens Falls, NY 12801",518-792-6508,Mon - Thurs: 9:00 AM - 7:00 PM; Fri & Sat: 9:00 AM - 5:00 PM
Lake Luzerne Senior Center,"539 Lake Ave, Lake Luzerne, NY 12846",518-361-2404,Mon-Fri: 8:00 AM - 4:00 PM *Operates as a cooling center during heat waves only*
Richards Library,"36 Elm St., Warrensburg, NY 12885",(518) 623-3011,"Mon, Wed, Fri: 9:00 AM - 5:00 PM; Tues & Thurs: 9:00 AM - 7:00 PM; Sat: 9:00 AM - 12:00 PM *Operates as a cooling center during heat waves only*"
The Open Door Mission,"226 Warren St, Glens Falls, NY 12801",518-792-5900 x101,Mon - Fri: 9:00 AM - 5:00 PM
Clyde-Savannah Public Library,"204 Glasgow Street, Clyde, NY 14433",315-923-7767,Sun: Closed; Mon: 1:00 PM - 8:00 PM; Tue: 10:00 AM - 6:00 PM; Wed: 1:00 PM - 8:00 PM; Thu: 10:00 AM - 6:00 PM; Fri: 1:00 PM - 6:00 PM; Sat: 10:00 AM - 1:00 PM
Lyons Public Library,"122 Broad Street, Lyons, NY 14489",315-946-9262,Sun: Closed; Mon: 10:00 AM - 7:00 PM; Tue: 10:00 AM - 7:00 PM; Wed: 10:00 AM - 7:00 PM; Thu: 10:00 AM - 7:00 PM; Fri: 10:00 AM - 6:00 PM; Sat: 9:00 AM - 1:00 PM
Macedon Library,"30 W Main Street, Macedon, NY 14502",315-986-5932,Mon - Thurs: 10:00 AM - 8:00 PM; Fri - Sat: 10:00 AM - 2:00 PM
Marion Public Library,"4036 Maple Ave., Marion, NY 14505",315-926-4933,Sun: Closed; Mon: 10:00 AM - 8:00 PM; Tue: 2:00 PM - 6:00 PM; Wed: 10:00 AM - 8:00 PM; Thu: 2:00 PM - 6:00 PM; Fri: 2:00 PM - 6:00 PM; Sat: 9:00 AM - 12:00 PM
Newark Library,"121 High Street, Newark, NY 14513",315-331-4370,Mon - Thurs: 9:30 AM - 7:00 PM; Fri: 9:30 AM - 6:00 PM; Sat: 9:30 AM - 1:00 PM
Ontario Library,"1850 Ridge Rd, Ontario, NY 14519",315-524-2139,Mon & Tues: 10:00 AM - 7:00 PM; Wed - Fri: 10:00 AM - 5:00 PM
Palmyra Library,"402 E Main Street, Palmyra, NY 14522",315-597-4276,Mon - Thurs: 10:00 AM - 8:00 PM; Fri: 10:00 AM - 5:00 PM; Sat: 10:00 AM - 2:00 PM
Red Creek Free Library,"6817 Main St., Red Creek, NY 13143",315-754-6679,Sun: Closed; Mon: 10:00 AM - 4:00 PM; Tue: 1:00 PM - 6:00 PM; Wed: 10:00 AM - 4:00 PM; Thu: 1:00 PM - 6:00 PM; Fri: 10:00 AM - 4:00 PM; Sat: 9:00 AM - 1:00 PM
Rose Library,"4069 Main Street, Rose, NY 14542",315-587-2335,Mon & Wed: 1:00 PM - 7:00 PM; Tues & Fri: 9:00 AM - 3:00 PM
Sodus Community Library,"17 Maple Ave., Sodus, NY 14551",315-483-9292,Sun: Closed; Mon: 9:00 AM - 8:00 PM; Tue: 9:00 AM - 8:00 PM; Wed: 9:00 AM - 8:00 PM; Thu: 9:00 AM - 8:00 PM; Fri: 9:00 AM - 5:00 PM; Sat: 10:00 AM - 5:00 PM
Walworth-Seely Public Library,"3600 Lorraine Dr., Walworth, NY 14568",315-986-1511,Sun: Closed; Mon: 10:00 AM - 8:00 PM; Tue: 10:00 AM - 8:00 PM; Wed: 10:00 AM - 8:00 PM; Thu: 10:00 AM - 8:00 PM; Fri: 10:00 AM - 6:00 PM; Sat: 10:00 AM - 2:00 PM
Williamson Public Library,"6380 Rt 21, Suite 1, NY 14589-9599",315-589-2048,Sun: Closed; Mon: 9:30 AM - 8:00 PM; Tue: 09:30 AM - 8:00 PM; Wed: 09:30 AM - 8:00 PM; Thu: 9:30 AM - 8:00 PM; Fri: 09:30 AM - 5:00 PM; Sat: 10:00 AM - 2:00 PM
Wolcott Public Library,"5890 New Hartford Street, Wolcott, NY 14590",315-594-2265,Sun: Closed; Mon: 2:00 PM - 8:00 PM; Tue: 11:00 AM - 5:00 PM; Wed: 2:00 PM - 8:00 PM; Thu: 11:00 AM - 5:00 PM; Fri: 2:00 PM - 6:00 PM; Sat: 11:00 AM - 2:00 PM
Ardsley Public Library,"9 American Legion Drive, Ardsley, NY 10502",914-693-6636,Mon - Wed & Sat: 10:00 AM - 5:30 PM; Thurs: 1:00 PM - 8:00 PM; Sat in July & August: 10:00 AM - 1:00 PM; Sun: Closed
Bedford Free Library,"32 Village Green, Bedford, NY 10506",914-234-3570,Mon - Fri: 10:00 AM - 6:00 PM; Sat: 10:00 AM - 2:00 PM
Bronxville Public Library,"201 Pondfield Rd, Bronxville, NY 10708",914-337-7680,"Mon, Wed, Fri: 9:30 AM - 5:30 PM; Tues: 1:00 PM - 8:00 PM; Thurs: 1:00 PM - 5:30 PM; Sat: 9:30 AM - 1:00 PM"
Chappaqua Library,"195 South Greeley Ave, Chappaqua, NY 10514",914-238-4779,Mon - Thurs: 9:00 AM - 8:00 PM; Fri: 9:00 AM - 6:00 PM; Sat: 9:00 AM - 5:00 PM; Sun: 1:00 PM - 5:00 PM
Crestwood Branch (Yonkers),"16 Thompson Street, Yonkers, NY 10707",914-779-3774,"Mon & Wed: 10:00 AM - 5:00 PM; Tues: 12:00 PM - 8:00 PM; Thurs: 10:00 AM - 6:00 PM; Fri: 12:00 PM - 5:00 PM; Sat: 10:00 AM - 5:00 PM, Sun: 12:00 PM - 5:00 PM; Sun: Closed July - Aug"
Croton Free Library,"171 Cleveland Drive, Croton-on-Hudson, NY 10520",914-271-6612,Mon: 1:00 PM - 9:00 PM; Tues & Thurs: 10:00 AM - 9:00 PM; Wed & Fri: 10:00 AM - 5:30 PM; Sat: 10:00 AM - 5:00 PM; Sun 1:00 PM - 5:00 PM | *closed Sundays Independence Day - Labor Day
Croton-on-Hudson Community Room at Stanley H. Kellerhouse Municipal Building,"1 Van Wyck Street., Croton-on-Hudson, NY 10520",914-271-4781,Mon-Thurs: 8:30 AM - 4:30 PM; Fri: 8:30 AM - 2:00 PM
Dobbs Ferry Public Library,"55 Main St, Dobbs Ferry, NY 10522",914-693-6614,Mon & Wed: 10:00 AM - 8:00 PM; Tues & Thurs: 10:00 AM - 6:00 PM; Fri & Sat: 10:00 AM - 5:00 PM; Sun: 1:00 PM - 5:00 PM | *closed Sundays May - Oct.
Greenburgh Public Library,"300 Tarrytown Road, Elmsford, NY 10523",914-721-8200,"Mon, Thurs, Fri, Sat: 9:30 AM - 5:00 PM; Tues & Wed: 9:30 AM - 8:30 PM; Sun: Closed during Summer"
Grinton I. Will Branch (Yonkers),"1500 Central Park Avenue, Yonkers, NY 10710",914-771-9616,"Mon - Wed 9:00 AM - 8:00 PM, Thurs 10:00 AM - 8:00 PM, Fri - Sat 10:00 AM - 5:00 PM, Sun 12:00 PM - 5:00 PM; Sun: Closed July - Aug"
Harrison Public Library - Main Branch,"2 Bruce Avenue, Harrison, NY 10528",914-835-0324,"Mon & Wed: 9:30 AM - 9:00 PM; Tues & Thurs - Sat: 9:30 AM - 5:30 PM; Sun: 1 :00 PM - 5:00 PM; Sat: 9:30 AM - 12:30 PM, Sun: Closed Memorial Day - Labor Day"
Harrison Public Library - West Harrison Branch,"2 Madison St, West Harrison, NY 10604",914-948-2092,Mon & Wed: 10:00 AM - 7:00 PM; Tues & Thurs-Sat: 10:00 AM - 5:00 PM; Sat & Sun: Closed Memorial Day - Labor Day
Hastings on Hudson Public Library,"7 Maple Avenue, Hastings-on-Hudson, NY 10706",914-478-3307,Mon-Thurs: 9:30 AM - 7:00 PM; Fri & Sat: 9:30 AM - 2:00 PM; Sun: 1:00 PM - 5:00 PM; Sun: Closed in Summer
Hendrick Hudson Free Library (Montrose),"185 Kings Ferry Road, Montrose, NY 10548",914-739-5654,Mon - Thurs: 9:00 AM - 8:00 PM; Fri: 9:00 AM - 6:00 PM; Sat: 9:00 AM - 5:00 PM; Sun: 1:00 PM - 5:00 PM
Hergenhan Community Center (North Castle),"40 Maple Ave, Armonk, NY 10504",914-273-3000,Call for operating hours.
Irvington Public Library,"12 South Astor St, Irvington-on-Hudson, NY 10533",914-591-7840,"Mon, Wed, Fri: 10:00 AM - 5:00 PM Tues & Thurs: 10:00 AM - 9:00 PM; Sat: 10:00 AM - 5:00 PM"
John C. Hart Memorial Library (Yorktown),"1130 E Main St, Shrub Oak, NY 10588",914-245-5262,Mon-Thurs: 9:30 AM - 8:00 PM; Fri: 10:00 AM - 5:00 PM; Sat: 9:30 AM - 5:00 PM; Sun: 12:00 PM - 4:00 PM Oct - Apr; Sun: Closed May - Sept
Katonah Village Library,"26 Bedford Road, Katonah, NY 10536",914-232-3508,"Mon - Wed 10:00 AM - 6:00 PM, Thurs 10:00 AM - 7:00 PM, Fri - Sat 10 AM - 5 PM, Sun 12 PM - 5 PM"
Larchmont Library’s Village Center,"119 Larchmont Ave, Larchmont, NY 10538",,Wed 6/19: 9:00 AM - 5:00 PM
Larchmont Public Library,"121 Larchmont Ave, Larchmont, NY 10538",914-834-2281,"Mon, Wed, Fri - Sat: 9:00 AM - 5:00 PM; Tues & Thurs: 9:00 AM - 8:00 PM, Sun: 12:00 PM - 5:00 PM; Sun: Closed in Summer"
Lewisboro Library (South Salem),"15 Main St, South Salem, NY 10590",914-763-3857,Mon - Thurs: 10:00 AM - 6:00 PM; Fri: 10:00 AM - 5:00 PM; Sat: 10:00 PM - 4:00 PM
Mamaroneck Public Library,"136 Prospect Ave, Mamaroneck, NY 10543",914-698-1250,"Mon, Wed: 10:00 AM - 8:00 PM; Tues, Thurs: 10:00 AM - 6:00 PM; Fri, Sat: 10:00 AM - 5:00 PM; Sun: Closed"
Mount Kisco Public Library,"100 Main Street, Mount Kisco, NY 10549",914-666-8041,Mon & Tues: 10:00 AM - 6:00 PM; Wed & Thurs: 10:00 AM - 7:00 PM; Fri: 10:00 AM - 5:00 PM; Sat: 10:00 AM - 4:00 PM
Mount Pleasant Branch Library,"125 Lozza Dr, Valhalla, NY 10595",914-741-0276,Mon-Thurs: 10:00 AM - 5:00 PM; Fri & Sat: 10:00 AM - 2:00 PM
Mount Pleasant Public Library,"350 Bedford Road, Pleasantville, NY 10570",914-769-0548,Mon-Thurs: 10:00 AM - 8:00 PM; Fri & Sat: 10:00 AM - 5:00 PM; Sun: 1:00 PM - 5:00 PM; Sun: Closed 7/2-9/3
New Castle Town Hall (Chappaqua),"200 South Greeley Avenue, Chappaqua, NY 10514",914-238-4771,Sun-Mon: 9:00 AM - 9:00 PM
New Rochelle Public Library,"One Library Plaza, New Rochelle, NY 10801",914-632-7878,"Mon, Tues & Thurs: 9:00 AM - 8:00 PM; Wed: 10:00 AM - 6:00 PM; Fri & Sat: 9:00 AM - 5:00 PM; Sun: 1:00 PM - 5:00 PM | * Summer Hours: Sat 10 AM - 2:00 PM, closed Sundays"
North Castle Public Library (Armonk),"19 Whippoorwill Road, East Armonk, NY 10504",914-273-3887,"Mon, Wed - Fri: 10:00 AM - 5:30 PM; Tues: 10:00 AM - 8:00 PM; Sat: 10:00 AM - 5:00 PM"
North Salem Community Center,"3 Owens Rd, Croton Falls, NY 10519",914-669-5665,Mon - Fri: 9:00 AM - 4:40 PM
North White Plains Library (Armonk & North Castle),"10 Clove Rd, White Plains, NY 10603",914-948-6359,"Mon - Wed, Fri: 10:00 AM - 5:30 PM; Thurs: 10:00 AM - 8:00 PM; Sat: 10:00 AM - 5:00 PM"
Ossining Public Library,"53 Croton Ave, Ossining, NY 10562",914-941-2416,Mon & Thurs: 9:00 AM - 9:00 PM; Tues & Fri: 10:00 AM - 6:00 PM; Wed: 1:00 PM - 9:00 PM; Sat: 9:00 AM - 5:00 PM; Sun: 1:00 PM - 5:00 PM
Port Chester Second Floor Meeting Room/Auditorium,"350 N. Main Street, Port Chester, NY 10573",914-939-4975,"Mon - Fri: 9:00 AM - 5:00 PM, Sat: 9:00 AM - 4:00 PM"
Port Chester Senior Center,"222 Grace Church St, Port Chester, NY 10573",914-939-4975,Mon-Fri: 9:00 AM - 5:00 PM; Sat: 9:00 AM - 4:00 PM
Pound Ridge Library District,"271 Westchester Avenue, Pound Ridge, NY 10576",914-764-5085,Tues-Fri: 10:00 AM - 6:00 PM; Sat 10:00 AM - 5:00 PM (5/1-6/30); Sat: 10:00 PM - 3:00 PM (7/1-8/31)
Pound Ridge Townhouse,"179 Westchester Ave, Pound Ridge, NY 10576",914-764-4206,Sun-Sat: 9:00 AM - 9:00 PM
Purchase Free Library,"3093 Purchase Street, Purchase, NY 10577",914-948-0550,Mon-Fri: 9:30 AM - 5:30 PM; Sat: 9:30 AM - 3:30 PM
Riverfront Library Branch (Yonkers),"1 Larkin Plz Yonkers, NY, NY 10701",914-337-1500,Mon - Wed: 9:00 AM - 8:00 PM; Thurs 10:00 AM - 8:00 PM; Fri - Sat 10:00 AM - 5:00 PM; Sun 12:00 PM - 5:00 PM; Sun: Closed July - Aug; Wed 6/19: 9:00 AM - 5:00 PM
Ruth Keeler Memorial Library (North Salem),"279 Titicus Road (Route 116), North Salem, NY 10560",914-668-5161,Mon: 10:00 AM - 7:00 PM; Tues - Fri: 10:00 AM - 5:00 PM; Sat: 10:00 AM - 3:00 PM
Somers Nutrition Program (D Wayne Van Tassel Memorial Park),"98 Primrose St, Katonah, NY 10536",914-232-0807,Mon-Fri: 8:00 AM - 3:00 PM
Tarrytown Senior Center,"240 West Main St, Tarrytown, NY 10591",914-631-8347,Mon - Fri: 8:00 AM - 4:00 PM
The Field Library Central Library of Westchester Library System,"4 Nelson Ave, Peekskill, NY 10566",914-737-1212,"Mon, Tues, Thurs: 9:00 AM - 9:00 PM; Wed: 11:00 AM - 9:00 PM; Fri: 9:00 AM - 5:00 PM; Sat: 10:00 AM - 5:00 PM; Sun: 1:00 PM - 4:00 PM"
Town of Pelham Public Library,"530 Colonial Ave, Pelham, NY 10803",914-738-1234,"Mon & Thurs: 1:00 PM - 7:00 PM; Tues, Wed, Fri: 10:00 AM - 5:00 PM; Sat: 10:00 AM - 4:00 PM"
White Plains Public Library,"100 Martine Ave, White Plains, NY 10601",914-422-1400,Mon - Thurs: 10:00 AM - 9:00 PM; Fri: 10:00 AM - 6:00 PM; Sat & Sun: 1:00 PM - 5:00 PM
Arcade Free Library,"365 Main Street, Arcade, NY 14009",585-492-1297,Call for operating hours. Closed Sun.
Cordelia A Greene Library,"11 South Main Street, Castile, NY 14427",585-493-5466,Call for operating hours. Closed Sat and Sun.
Eagle Free Library,"3413 School Street, Bliss, NY 14024",585-322-7701,Call for operating hours. Closed Sun and Mon.
Perry Public Library,"70 N Main Street, Perry, NY 14530",585-237-2243,Call for operating hours. Closed Sun.
Pike Library,"65 Main Street, Pike, NY 14130",585-492-5900,"Call for operating hours. Closed Tues, Fri, and Sun."
Stevens Memorial Library,"146 Main Street, Attica, NY 14011",585-591-2733,Call for operating hours. Closed Sun.
Town of Gainesville Public Library,"10 Church Street, Silver Springs, NY 14550",585-493-2970,Call for operating hours. Closed Sat and Sun.
Warsaw Public Library,"130 N Main Street, Warsaw, NY 14569",585-786-5650,Call for operating hours. Closed Sun.
Wyoming Free Circulating Library Association,"114 S Academy Street, Wyoming, NY 14591",585-495-6840,"Call for operating hours. Closed Tues, Fri, and Sun."
American Legion Dundee,"10 Spring St, Dundee, NY 14837",607-243-8285,Call for operating hours
Dundee Library,"32 Water St, Dundee, NY 14837",607-243-5938,Call for operating hours
Modeste Bedient Memorial Library,"3699 NY-54A, Branchport, NY 14418",,Tue: 11:00 AM - 6:00 PM; Wed: 1:00 PM - 8:00 PM; Fri: 9:00 AM - 6:00 PM; Sat: 9:00 AM - 1:00 PM
Our Town Rocks,"12 Main St, Dundee, NY 14837",607-426-4015,24 hours/7 days
Penn Yan Public Library,"214 Main St, Penn Yan, NY 14527",315-536-6114,Call for operating hours
